Class,Chapter/Unit,Question Type,Topic,Difficulty,Marks,Question Text in LaTeX,Option A text,Option B text,Option C text,Option D text,Correct option and answer,Explanation or solution text in LaTeX,image
XII,Relations and Functions,MCQ,Types of Relations,easy,1,"Let $R$ be the relation in the set $\{1, 2, 3, 4\}$ given by $R = \{(1, 2), (2, 2), (1, 1), (4, 4), (1, 3), (3, 3), (3, 2)\}$. Choose the correct answer.","$R$ is reflexive and symmetric but not transitive","$R$ is reflexive and transitive but not symmetric","$R$ is symmetric and transitive but not reflexive","$R$ is an equivalence relation","B, $R$ is reflexive and transitive but not symmetric","$(1,1), (2,2), (3,3), (4,4) \in R$ implies $R$ is reflexive. $(1,2) \in R$ but $(2,1) \notin R$ implies $R$ is not symmetric. Checking transitivity: $(1,3), (3,2) \in R$ and $(1,2) \in R$, so $R$ is transitive.",
XII,Relations and Functions,MCQ,Types of Relations,easy,1,"Let $R$ be the relation in the set $\mathbb{N}$ given by $R = \{(a, b) : a = b - 2, b > 6\}$. Choose the correct answer.","$(2, 4) \in R$","$(3, 8) \in R$","$(6, 8) \in R$","$(8, 7) \in R$","C, $(6, 8) \in R$","For $(6, 8)$: $b = 8 > 6$ and $a = 8 - 2 = 6$. This satisfies the condition $a = b - 2$ with $b > 6$. Other options fail: $(2,4)$ has $b=4$ which is not $>6$; $(3,8)$ would need $3 = 8-2 = 6$ (false); $(8,7)$ would need $8 = 7-2 = 5$ (false).",
XII,Relations and Functions,MCQ,Equivalence Relations,medium,1,"Let $R$ be a relation on the set $\mathbb{Z}$ of integers defined by $(a, b) \in R$ if $a - b$ is divisible by $5$. What type of relation is $R$?","Reflexive only","Symmetric only","Transitive only","Equivalence relation","D, Equivalence relation","$R$ is reflexive as $a - a = 0$ is divisible by 5 for all $a \in \mathbb{Z}$. $R$ is symmetric as $(a-b)$ divisible by 5 implies $(b-a) = -(a-b)$ is also divisible by 5. $R$ is transitive as $(a-b) + (b-c) = a-c$ is divisible by 5 if both summands are. Hence $R$ is an equivalence relation.",
XII,Relations and Functions,MCQ,Types of Functions,medium,1,"Let $f: \mathbb{R} \to \mathbb{R}$ be defined as $f(x) = x^4$. Choose the correct answer.","$f$ is one-one and onto","$f$ is many-one and onto","$f$ is one-one but not onto","$f$ is neither one-one nor onto","D, $f$ is neither one-one nor onto","$f(1) = f(-1) = 1$, so $f$ is not one-one. Also, negative real numbers have no pre-image since $x^4 \geq 0$ for all $x \in \mathbb{R}$, so $f$ is not onto.",
XII,Relations and Functions,MCQ,Types of Functions,medium,1,"Let $f: \mathbb{R} \to \mathbb{R}$ be defined by $f(x) = 3x$. Choose the correct answer.","$f$ is one-one and onto","$f$ is many-one and onto","$f$ is one-one but not onto","$f$ is neither one-one nor onto","A, $f$ is one-one and onto","For $f(x_1) = f(x_2) \implies 3x_1 = 3x_2 \implies x_1 = x_2$ (one-one). For any $y \in \mathbb{R}$, there exists $x = y/3 \in \mathbb{R}$ such that $f(x) = y$ (onto).",
XII,Relations and Functions,MCQ,Composition of Functions,hard,1,"If $f(x) = \frac{x-1}{x+1}$, then $f(f(x))$ is equal to:","$\frac{1}{x}$","$-\frac{1}{x}$","$\frac{x}{x+1}$","$x$","B, $-\frac{1}{x}$","$f(f(x)) = f\left(\frac{x-1}{x+1}\right) = \frac{\frac{x-1}{x+1}-1}{\frac{x-1}{x+1}+1} = \frac{x-1-(x+1)}{x-1+(x+1)} = \frac{-2}{2x} = -\frac{1}{x}$",
XII,Relations and Functions,MCQ,Binary Operations,medium,1,"Let $*$ be a binary operation on $\mathbb{N}$ given by $a * b = \text{LCM}(a, b)$. Find $5 * 7$.",35,12,1,70,"A, 35","The Least Common Multiple of 5 and 7 is $5 \times 7 = 35$ since 5 and 7 are coprime (have no common factors other than 1).",
XII,Relations and Functions,MCQ,Reflexive Relations,medium,1,"Let $A = \{1, 2, 3\}$. The total number of reflexive relations that can be defined on $A$ is:","$2^3$","$2^6$","$2^9$","$2^{9-3}$","B, $2^6$","For a set with $n$ elements, the number of reflexive relations is $2^{n^2-n}$ since reflexive pairs $(a,a)$ must be included. For $n=3$: $2^{9-3} = 2^6 = 64$.",
XII,Relations and Functions,MCQ,Injective Functions,medium,1,"Let $f: [0, \infty) \to \mathbb{R}$ be given by $f(x) = x^2$. The function $f$ is:","One-one and onto","One-one but not onto","Onto but not one-one","Neither one-one nor onto","B, One-one but not onto","Since $x \geq 0$, we have $x_1^2 = x_2^2 \implies x_1 = x_2$ (one-one). However, negative real numbers in codomain $\mathbb{R}$ have no pre-image, so $f$ is not onto.",
XII,Relations and Functions,MCQ,Equivalence Classes,hard,1,"In a set of integers $\mathbb{Z}$, let $R$ be defined by $aRb$ if $a \equiv b \pmod{3}$. The equivalence class $[0]$ is:","$\{..., -3, 0, 3, 6, ...\}$","$\{..., -2, 1, 4, 7, ...\}$","$\{..., -1, 2, 5, 8, ...\}$","$\{0, 3, 6, 9\}$","A, $\{..., -3, 0, 3, 6, ...\}$","The equivalence class $[0]$ consists of all integers $x$ such that $x - 0$ is divisible by 3, i.e., all multiples of 3: $\{..., -6, -3, 0, 3, 6, 9, ...\}$.",
XII,Relations and Functions,MCQ,Number of Functions,hard,1,"Let $A = \{1, 2, 3\}$ and $B = \{a, b\}$. The number of onto functions from $A$ to $B$ is:",6,8,2,4,"A, 6","Total functions from $A$ to $B$ = $2^3 = 8$. Functions that are NOT onto are those where all elements map to only 'a' or only 'b' (2 such functions). Onto functions = $8 - 2 = 6$.",
XII,Relations and Functions,MCQ,Symmetric Relations,easy,1,"The relation $R$ in the set of human beings in a town given by $R = \{(x, y) : x \text{ is wife of } y\}$ is:","Reflexive","Symmetric","Transitive","None of these","D, None of these","Not reflexive ($x$ cannot be wife of $x$), not symmetric (if $x$ is wife of $y$, then $y$ is husband of $x$, not wife), not transitive (there's no transitivity chain possible).",
XII,Relations and Functions,MCQ,Identity Relation,easy,1,"The smallest equivalence relation on set $A = \{1, 2, 3\}$ is:","$\{(1,1), (2,2), (3,3)\}$","$\{(1,1), (2,2), (3,3), (1,2), (2,1)\}$","$\{(1,2), (2,1)\}$","$A \times A$","A, $\{(1,1), (2,2), (3,3)\}$","The identity relation (diagonal relation) is the smallest equivalence relation on any set, containing only pairs $(a, a)$ for all $a \in A$.",
XII,Relations and Functions,MCQ,Domain of Function,medium,1,"The domain of the function $f(x) = \frac{1}{\sqrt{x^2 - 1}}$ is:","$\mathbb{R} - [-1, 1]$","$\mathbb{R} - (-1, 1)$","$(1, \infty)$","$(-\infty, -1) \cup (1, \infty)$","D, $(-\infty, -1) \cup (1, \infty)$","For $f(x)$ to be defined, $x^2 - 1 > 0 \implies (x-1)(x+1) > 0 \implies x < -1$ or $x > 1$, i.e., $x \in (-\infty, -1) \cup (1, \infty)$.",
XII,Relations and Functions,MCQ,Inverse of a Function,hard,1,"If $f: \mathbb{R} \to \mathbb{R}$ is given by $f(x) = (3 - x^3)^{1/3}$, then $f^{-1}(x)$ is:","$x^{1/3}$","$3 - x^3$","$x$","$(3 - x^3)^{1/3}$","D, $(3 - x^3)^{1/3}$","Let $y = (3 - x^3)^{1/3} \implies y^3 = 3 - x^3 \implies x^3 = 3 - y^3 \implies x = (3 - y^3)^{1/3}$. Hence $f^{-1}(y) = (3 - y^3)^{1/3} = f(y)$, so $f = f^{-1}$.",
XII,Relations and Functions,MCQ,Number of Binary Operations,easy,1,"The number of binary operations on a set with $n$ elements is:","$n^n$","$n^{n^2}$","$2^n$","$n^2$","B, $n^{n^2}$","A binary operation is a function from $A \times A$ to $A$. The number of such functions is $|A|^{|A \times A|} = n^{n \times n} = n^{n^2}$.",
XII,Relations and Functions,MCQ,Composite Functions,medium,1,"If $f(x) = |x|$ and $g(x) = |5x - 2|$, then $g \circ f(x)$ is:","$|5|x| - 2|$","$|5x - 2|$","$-|5x - 2|$","$||5x| - 2|$","A, $|5|x| - 2|$","$g(f(x)) = g(|x|) = |5|x| - 2|$",
XII,Relations and Functions,MCQ,Signum Function,easy,1,"The range of the signum function $f: \mathbb{R} \to \mathbb{R}$ is:","$\mathbb{R}$","$[-1, 1]$","$\{-1, 0, 1\}$","$\{1, -1\}$","C, $\{-1, 0, 1\}$","The signum function is defined as: $\text{sgn}(x) = 1$ if $x > 0$, $\text{sgn}(x) = 0$ if $x = 0$, $\text{sgn}(x) = -1$ if $x < 0$. So range = $\{-1, 0, 1\}$.",
XII,Relations and Functions,MCQ,Greatest Integer Function,medium,1,"The function $f(x) = [x]$ (greatest integer function) is discontinuous at:","$x = 0.5$","All real numbers","All integers","$x = 1.2$","C, All integers","The greatest integer function has jump discontinuities at every integer point where the function value jumps from $n-1$ to $n$.",
XII,Relations and Functions,MCQ,Composition Property,medium,1,"If $f(x) = x + 7$ and $g(x) = x - 7$, then $f \circ g(7)$ is:",0,7,14,49,"B, 7","$g(7) = 7 - 7 = 0$. Then $f(g(7)) = f(0) = 0 + 7 = 7$.",
XII,Inverse Trigonometric Functions,MCQ,Principal Values,easy,1,"If $\sin^{-1} x = y$, then:","$0 \le y \le \pi$","$-\frac{\pi}{2} \le y \le \frac{\pi}{2}$","$0 < y < \pi$","$-\frac{\pi}{2} < y < \frac{\pi}{2}$","B, $-\frac{\pi}{2} \le y \le \frac{\pi}{2}$","By definition, the range of the principal value branch of $\sin^{-1}$ is $\left[-\frac{\pi}{2}, \frac{\pi}{2}\right]$.",
XII,Inverse Trigonometric Functions,MCQ,Principal Values,easy,1,"The principal value of $\sin^{-1}\left(\frac{1}{\sqrt{2}}\right)$ is:","$\frac{\pi}{6}$","$\frac{\pi}{4}$","$\frac{\pi}{3}$","$\frac{\pi}{2}$","B, $\frac{\pi}{4}$","We know $\sin\frac{\pi}{4} = \frac{1}{\sqrt{2}}$. Since $\frac{\pi}{4} \in \left[-\frac{\pi}{2}, \frac{\pi}{2}\right]$, the principal value is $\frac{\pi}{4}$.",
XII,Inverse Trigonometric Functions,MCQ,Principal Values,medium,1,"$\tan^{-1}\sqrt{3} - \sec^{-1}(-2)$ is equal to:","$\pi$","$-\frac{\pi}{3}$","$\frac{\pi}{3}$","$\frac{2\pi}{3}$","B, $-\frac{\pi}{3}$","$\tan^{-1}\sqrt{3} = \frac{\pi}{3}$. $\sec^{-1}(-2) = \pi - \sec^{-1}(2) = \pi - \frac{\pi}{3} = \frac{2\pi}{3}$. Result: $\frac{\pi}{3} - \frac{2\pi}{3} = -\frac{\pi}{3}$.",
XII,Inverse Trigonometric Functions,MCQ,Principal Values,easy,1,"The principal value of $\cos^{-1}\left(-\frac{1}{2}\right)$ is:","$\frac{\pi}{3}$","$\frac{2\pi}{3}$","$\frac{4\pi}{3}$","$\frac{5\pi}{3}$","B, $\frac{2\pi}{3}$","The range of $\cos^{-1}$ is $[0, \pi]$. Since $\cos\left(\frac{2\pi}{3}\right) = -\frac{1}{2}$ and $\frac{2\pi}{3} \in [0, \pi]$, the principal value is $\frac{2\pi}{3}$.",
XII,Inverse Trigonometric Functions,MCQ,Domain and Range,medium,1,"The domain of the function $\cos^{-1}(2x - 1)$ is:","$[0, 1]$","$[-1, 1]$","$(-1, 1)$","$[0, \pi]$","A, $[0, 1]$","The argument of $\cos^{-1}$ must be in $[-1, 1]$. So $-1 \le 2x - 1 \le 1 \implies 0 \le 2x \le 2 \implies 0 \le x \le 1$.",
XII,Inverse Trigonometric Functions,MCQ,Properties of ITF,hard,1,"The value of $\tan^{-1}(1) + \cos^{-1}\left(-\frac{1}{2}\right) + \sin^{-1}\left(-\frac{1}{2}\right)$ is:","$\frac{\pi}{4}$","$\frac{3\pi}{4}$","$\frac{2\pi}{3}$","$\frac{\pi}{2}$","B, $\frac{3\pi}{4}$","$\tan^{-1}(1) = \frac{\pi}{4}$. $\cos^{-1}\left(-\frac{1}{2}\right) = \frac{2\pi}{3}$. $\sin^{-1}\left(-\frac{1}{2}\right) = -\frac{\pi}{6}$. Sum: $\frac{\pi}{4} + \frac{2\pi}{3} - \frac{\pi}{6} = \frac{3\pi + 8\pi - 2\pi}{12} = \frac{9\pi}{12} = \frac{3\pi}{4}$.",
XII,Inverse Trigonometric Functions,MCQ,Principal Values,medium,1,"The value of $\cos^{-1}\left(\cos\frac{7\pi}{6}\right)$ is:","$\frac{7\pi}{6}$","$\frac{5\pi}{6}$","$\frac{\pi}{6}$","$\frac{\pi}{3}$","B, $\frac{5\pi}{6}$","The range of principal value of $\cos^{-1}$ is $[0, \pi]$. $\cos\left(\frac{7\pi}{6}\right) = \cos\left(2\pi - \frac{5\pi}{6}\right) = \cos\left(\frac{5\pi}{6}\right) = -\frac{\sqrt{3}}{2}$. So the answer is $\frac{5\pi}{6}$.",
XII,Inverse Trigonometric Functions,MCQ,Simplification,medium,1,"The value of $\sin(\tan^{-1} x)$, where $|x| < 1$, is:","$\frac{x}{\sqrt{1-x^2}}$","$\frac{1}{\sqrt{1-x^2}}$","$\frac{1}{\sqrt{1+x^2}}$","$\frac{x}{\sqrt{1+x^2}}$","D, $\frac{x}{\sqrt{1+x^2}}$","Let $\theta = \tan^{-1} x \implies \tan \theta = x$. Using a right triangle with opposite $= x$ and adjacent $= 1$, hypotenuse $= \sqrt{1+x^2}$. So $\sin \theta = \frac{x}{\sqrt{1+x^2}}$.",
XII,Inverse Trigonometric Functions,MCQ,Domain,hard,1,"The domain of $\sin^{-1} x + \cos x$ is:","$[-1, 1]$","$\mathbb{R}$","$(-\infty, \infty)$","$[0, \pi]$","A, $[-1, 1]$","The domain of $\sin^{-1} x$ is $[-1, 1]$ and for $\cos x$ it is $\mathbb{R}$. The intersection of both is $[-1, 1]$.",
XII,Inverse Trigonometric Functions,MCQ,Trigonometric Identities,medium,1,"$\sin^{-1}(1-x) - 2\sin^{-1} x = \frac{\pi}{2}$, then $x$ equals:","$0, \frac{1}{2}$","$1, \frac{1}{2}$","$0$","$\frac{1}{2}$","C, $0$","Substituting $x=0$: $\sin^{-1}(1) - 0 = \frac{\pi}{2}$, which is true. Substituting $x=\frac{1}{2}$: $\sin^{-1}\left(\frac{1}{2}\right) - 2\sin^{-1}\left(\frac{1}{2}\right) = -\frac{\pi}{6} \ne \frac{\pi}{2}$. So $x = 0$ only.",
XII,Inverse Trigonometric Functions,MCQ,Principal Values,easy,1,"The value of $\tan^{-1}(\sqrt{3}) - \cot^{-1}(-\sqrt{3})$ is:","$\pi$","$-\frac{\pi}{2}$","$\frac{\pi}{2}$","$\frac{2\pi}{3}$","B, $-\frac{\pi}{2}$","$\tan^{-1}(\sqrt{3}) = \frac{\pi}{3}$. $\cot^{-1}(-\sqrt{3}) = \pi - \cot^{-1}(\sqrt{3}) = \pi - \frac{\pi}{6} = \frac{5\pi}{6}$. Difference: $\frac{\pi}{3} - \frac{5\pi}{6} = \frac{2\pi - 5\pi}{6} = -\frac{\pi}{2}$.",
XII,Inverse Trigonometric Functions,MCQ,Range,medium,1,"The range of $\sec^{-1} x$ is:","$[0, \pi]$","$\left[-\frac{\pi}{2}, \frac{\pi}{2}\right]$","$[0, \pi] - \left\{\frac{\pi}{2}\right\}$","$[0, \pi] - \{0\}$","C, $[0, \pi] - \left\{\frac{\pi}{2}\right\}$","The range of the principal value branch of $\sec^{-1}$ is $[0, \pi]$ excluding $\frac{\pi}{2}$ where $\sec$ is undefined.",
XII,Inverse Trigonometric Functions,MCQ,Principal Values,easy,1,"$\cos^{-1}\left(\frac{1}{2}\right) + 2\sin^{-1}\left(\frac{1}{2}\right)$ is equal to:","$\frac{\pi}{3}$","$\frac{2\pi}{3}$","$\frac{3\pi}{4}$","$\pi$","B, $\frac{2\pi}{3}$","$\cos^{-1}\left(\frac{1}{2}\right) = \frac{\pi}{3}$. $\sin^{-1}\left(\frac{1}{2}\right) = \frac{\pi}{6}$. Sum: $\frac{\pi}{3} + 2 \times \frac{\pi}{6} = \frac{\pi}{3} + \frac{\pi}{3} = \frac{2\pi}{3}$.",
XII,Inverse Trigonometric Functions,MCQ,Substitution,medium,1,"The simplest form of $\tan^{-1}\left(\frac{x}{\sqrt{a^2 - x^2}}\right)$ is:","$\sin^{-1}\frac{x}{a}$","$\cos^{-1}\frac{x}{a}$","$\tan^{-1}\frac{x}{a}$","$\frac{x}{a}$","A, $\sin^{-1}\frac{x}{a}$","Put $x = a\sin\theta$. Then $\sqrt{a^2 - x^2} = a\cos\theta$. Expression becomes $\tan^{-1}\left(\frac{a\sin\theta}{a\cos\theta}\right) = \tan^{-1}(\tan\theta) = \theta = \sin^{-1}\frac{x}{a}$.",
XII,Inverse Trigonometric Functions,MCQ,Properties,hard,1,"If $\sin^{-1} x + \sin^{-1} y = \frac{2\pi}{3}$, then $\cos^{-1} x + \cos^{-1} y$ equals:","$\frac{2\pi}{3}$","$\frac{\pi}{3}$","$\frac{\pi}{6}$","$\pi$","B, $\frac{\pi}{3}$","Using $\sin^{-1} x + \cos^{-1} x = \frac{\pi}{2}$: $\left(\frac{\pi}{2} - \cos^{-1} x\right) + \left(\frac{\pi}{2} - \cos^{-1} y\right) = \frac{2\pi}{3}$. So $\pi - (\cos^{-1} x + \cos^{-1} y) = \frac{2\pi}{3}$. Hence $\cos^{-1} x + \cos^{-1} y = \frac{\pi}{3}$.",
XII,Inverse Trigonometric Functions,MCQ,Identities,easy,1,"The value of $\cos(\sin^{-1} x + \cos^{-1} x)$, $|x| \le 1$ is:",1,0,$-1$,"$\frac{\pi}{2}$","B, 0","Since $\sin^{-1} x + \cos^{-1} x = \frac{\pi}{2}$ for all $x \in [-1, 1]$, we have $\cos\left(\frac{\pi}{2}\right) = 0$.",
XII,Inverse Trigonometric Functions,MCQ,Evaluation,medium,1,"The value of $\sin^{-1}(\sin 5)$ is:","$5$","$5 - 2\pi$","$2\pi - 5$","$\pi - 5$","B, $5 - 2\pi$","The principal branch is $\left[-\frac{\pi}{2}, \frac{\pi}{2}\right]$. Since $5$ radians $\approx 286Â°$ is in the 4th quadrant, $\sin(5) = \sin(5 - 2\pi)$, and $5 - 2\pi \approx -1.28$ is in the valid range.",
XII,Inverse Trigonometric Functions,MCQ,Principal Values,easy,1,"The principal value of $\csc^{-1}(2)$ is:","$\frac{\pi}{6}$","$\frac{\pi}{4}$","$\frac{\pi}{3}$","$\frac{\pi}{2}$","A, $\frac{\pi}{6}$","$\csc\left(\frac{\pi}{6}\right) = 2$, and $\frac{\pi}{6}$ is in the principal branch $\left[-\frac{\pi}{2}, \frac{\pi}{2}\right] \setminus \{0\}$.",
XII,Inverse Trigonometric Functions,MCQ,Simplification,hard,1,"If $\tan^{-1} x + \tan^{-1} y = \frac{\pi}{4}$, then $x + y + xy$ equals:",0,1,$-1$,2,"B, 1","Using $\tan^{-1} x + \tan^{-1} y = \tan^{-1}\left(\frac{x+y}{1-xy}\right)$ when $xy < 1$: $\frac{x+y}{1-xy} = \tan\frac{\pi}{4} = 1$. So $x + y = 1 - xy$, hence $x + y + xy = 1$.",
XII,Matrices,MCQ,Types of Matrices,easy,1,"$A = [a_{ij}]_{m \times n}$ is a square matrix if:","$m < n$","$m > n$","$m = n$","None of these","C, $m = n$","A matrix is square if the number of rows ($m$) equals the number of columns ($n$).",
XII,Matrices,MCQ,Equality of Matrices,medium,1,"If $\begin{bmatrix} x+y & 2 \\ 1 & x-y \end{bmatrix} = \begin{bmatrix} 3 & 2 \\ 1 & 7 \end{bmatrix}$, then $x$ equals:",5,$-2$,3,4,"A, 5","From equality: $x+y=3$ and $x-y=7$. Adding: $2x=10 \implies x=5$.",
XII,Matrices,MCQ,Scalar Multiplication,easy,1,"If $A = \begin{bmatrix} 1 & 2 \\ 3 & 4 \end{bmatrix}$, then $3A$ equals:","$\begin{bmatrix} 3 & 2 \\ 3 & 4 \end{bmatrix}$","$\begin{bmatrix} 3 & 6 \\ 9 & 12 \end{bmatrix}$","$\begin{bmatrix} 4 & 5 \\ 6 & 7 \end{bmatrix}$","$\begin{bmatrix} 1 & 6 \\ 3 & 12 \end{bmatrix}$","B, $\begin{bmatrix} 3 & 6 \\ 9 & 12 \end{bmatrix}$","In scalar multiplication, every element of the matrix is multiplied by the constant.",
XII,Matrices,MCQ,Transpose,medium,1,"If $A$ is a matrix of order $m \times n$, then $A'$ (transpose) has order:","$m \times n$","$n \times m$","$n \times n$","$m \times m$","B, $n \times m$","The transpose of a matrix is obtained by interchanging rows and columns.",
XII,Matrices,MCQ,Skew-Symmetric,medium,1,"For any skew-symmetric matrix $A$, the diagonal elements are:","All ones","All zeros","Any real number","All negative","B, All zeros","In a skew-symmetric matrix, $a_{ij} = -a_{ji}$. For diagonal elements, $a_{ii} = -a_{ii} \implies 2a_{ii} = 0 \implies a_{ii} = 0$.",
XII,Matrices,MCQ,Matrix Arithmetic,medium,1,"If $A = \begin{bmatrix} 0 & 1 \\ 1 & 0 \end{bmatrix}$, then $A^2$ equals:","$A$","$I$","$-I$","$\begin{bmatrix} 0 & 0 \\ 0 & 0 \end{bmatrix}$","B, $I$","$\begin{bmatrix} 0 & 1 \\ 1 & 0 \end{bmatrix} \begin{bmatrix} 0 & 1 \\ 1 & 0 \end{bmatrix} = \begin{bmatrix} 1 & 0 \\ 0 & 1 \end{bmatrix} = I$.",
XII,Matrices,MCQ,Number of Matrices,hard,1,"The number of all possible matrices of order $3 \times 3$ with each entry $0$ or $1$ is:",27,18,81,512,"D, 512","A $3 \times 3$ matrix has 9 elements. Each can be filled in 2 ways. Total $= 2^9 = 512$.",
XII,Matrices,MCQ,Symmetric Matrix,easy,1,"A square matrix $A$ is symmetric if:","$A = -A'$","$A = A'$","$A' = A^{-1}$","$\det(A) = 0$","B, $A = A'$","By definition, a matrix is symmetric if it is equal to its transpose.",
XII,Matrices,MCQ,Invertible Matrices,hard,1,"If $A$ and $B$ are invertible matrices, then $(AB)^{-1}$ equals:","$A^{-1}B^{-1}$","$B^{-1}A^{-1}$","$AB$","$BA$","B, $B^{-1}A^{-1}$","This is the reversal law: $(AB)^{-1} = B^{-1}A^{-1}$.",
XII,Matrices,MCQ,Zero Matrix Product,medium,1,"If $AB = O$ for matrices $A$ and $B$, then:","$A = O$ or $B = O$","$A = O$ and $B = O$","It is not necessary that $A = O$ or $B = O$","$A = B$","C, It is not necessary that $A = O$ or $B = O$","The product of two non-zero matrices can result in a zero matrix.",
XII,Matrices,MCQ,Addition Property,easy,1,"Matrix addition is:","Commutative only","Associative only","Both commutative and associative","Neither commutative nor associative","C, Both commutative and associative","$A + B = B + A$ and $(A + B) + C = A + (B + C)$.",
XII,Matrices,MCQ,Identity Matrix,easy,1,"The identity matrix of order $2 \times 2$ is:","$\begin{bmatrix} 0 & 1 \\ 1 & 0 \end{bmatrix}$","$\begin{bmatrix} 1 & 0 \\ 0 & 1 \end{bmatrix}$","$\begin{bmatrix} 1 & 1 \\ 1 & 1 \end{bmatrix}$","$\begin{bmatrix} 0 & 0 \\ 0 & 0 \end{bmatrix}$","B, $\begin{bmatrix} 1 & 0 \\ 0 & 1 \end{bmatrix}$","An identity matrix has 1s on the main diagonal and 0s elsewhere.",
XII,Matrices,MCQ,Matrix Multiplication,medium,1,"If $A$ is $3 \times 4$ and $B$ is $4 \times 3$, then $BA$ is of order:","$3 \times 3$","$4 \times 4$","$3 \times 4$","$4 \times 3$","B, $4 \times 4$","The number of rows of $B$ is 4 and columns of $A$ is 4, so $BA$ is $4 \times 4$.",
XII,Matrices,MCQ,Matrix Polynomials,medium,1,"If $A = \begin{bmatrix} 2 & -2 \\ -2 & 2 \end{bmatrix}$ and $A^2 = kA$, then $k$ equals:",1,2,3,4,"D, 4","$A^2 = \begin{bmatrix} 2 & -2 \\ -2 & 2 \end{bmatrix} \begin{bmatrix} 2 & -2 \\ -2 & 2 \end{bmatrix} = \begin{bmatrix} 8 & -8 \\ -8 & 8 \end{bmatrix} = 4A$. Hence $k = 4$.",
XII,Matrices,MCQ,Symmetric and Skew-Symmetric,hard,1,"Any square matrix $A$ can be uniquely expressed as the sum of a symmetric and a skew-symmetric matrix as:","$A = \frac{1}{2}(A+A') + \frac{1}{2}(A-A')$","$A = (A+A') + (A-A')$","$A = \frac{1}{2}(A+A') - \frac{1}{2}(A-A')$","$A = A + A'$","A, $A = \frac{1}{2}(A+A') + \frac{1}{2}(A-A')$","The term $\frac{1}{2}(A+A')$ is symmetric and $\frac{1}{2}(A-A')$ is skew-symmetric. Their sum is $A$.",
XII,Matrices,MCQ,Properties of Transpose,medium,1,"If $A$ and $B$ are matrices of suitable orders, then $(AB)'$ equals:","$A'B'$","$B'A'$","$AB'$","$A'B$","B, $B'A'$","This is the reversal law of transpose: $(AB)' = B'A'$.",
XII,Matrices,MCQ,Skew-Symmetric Matrix,easy,1,"If $A = [a_{ij}]$ is a skew-symmetric matrix, then $a_{ij}$ equals:","$a_{ji}$","$-a_{ji}$","$0$","$1$","B, $-a_{ji}$","By definition of skew-symmetric matrix, $A' = -A$, which means $a_{ji} = -a_{ij}$ or $a_{ij} = -a_{ji}$.",
XII,Matrices,MCQ,Singular Matrices,medium,1,"A square matrix $A$ is called singular if:","$|A| \neq 0$","$|A| = 0$","$A = A'$","$A = I$","B, $|A| = 0$","A matrix is singular if its determinant is equal to zero.",
XII,Matrices,MCQ,Commutative Property,easy,1,"In general, for two matrices $A$ and $B$ of compatible orders:","$AB = BA$","$AB \neq BA$","$A + B \neq B + A$","$A - B = B - A$","B, $AB \neq BA$","Matrix multiplication is non-commutative in general.",
XII,Determinants,MCQ,Expansion of Determinant,easy,1,"The value of the determinant $\begin{vmatrix} 2 & 4 \\ -1 & 2 \end{vmatrix}$ is:",0,4,8,6,"C, 8","$(2 \times 2) - (4 \times (-1)) = 4 + 4 = 8$.",
XII,Determinants,MCQ,Area of Triangle,medium,1,"The area of a triangle with vertices $(3, 8), (-4, 2)$ and $(5, 1)$ using determinants is:",61,60.5,30.5,30,"C, 30.5","Area $= \frac{1}{2}|x_1(y_2-y_3) + x_2(y_3-y_1) + x_3(y_1-y_2)| = \frac{1}{2}|3(2-1) + (-4)(1-8) + 5(8-2)| = \frac{1}{2}|3 + 28 + 30| = 30.5$.",
XII,Determinants,MCQ,Adjoint Property,hard,1,"If $A$ is a square matrix of order $n$, then $|\text{adj}(A)|$ equals:","$|A|$","$|A|^{n-1}$","$|A|^n$","$|A|^{n+1}$","B, $|A|^{n-1}$","By property: $A \cdot \text{adj}(A) = |A|I$. Taking determinant: $|A| \cdot |\text{adj}(A)| = |A|^n$. So $|\text{adj}(A)| = |A|^{n-1}$.",
XII,Determinants,MCQ,Singular Matrix,medium,1,"If $\begin{vmatrix} x & 2 \\ 18 & x \end{vmatrix} = \begin{vmatrix} 6 & 2 \\ 18 & 6 \end{vmatrix}$, then $x$ equals:","$6$","$\pm 6$","$-6$","$0$","B, $\pm 6$","$x^2 - 36 = 36 - 36 = 0 \implies x^2 = 36 \implies x = \pm 6$.",
XII,Determinants,MCQ,Inverse of a Matrix,medium,1,"A square matrix $A$ is invertible if and only if:","$A$ is singular","$A$ is non-singular","$A$ is symmetric","$A$ is skew-symmetric","B, $A$ is non-singular","A matrix has an inverse if and only if its determinant is non-zero ($|A| \neq 0$).",
XII,Determinants,MCQ,Cofactors,easy,1,"The cofactor of element $a_{21}$ in $\begin{vmatrix} 1 & 2 & 3 \\ 4 & 5 & 6 \\ 7 & 8 & 9 \end{vmatrix}$ is:",3,$-6$,6,$-3$,"C, 6","$C_{21} = (-1)^{2+1} M_{21} = -\begin{vmatrix} 2 & 3 \\ 8 & 9 \end{vmatrix} = -(18-24) = -(-6) = 6$.",
XII,Determinants,MCQ,Consistency of Equations,hard,1,"A system of equations $AX = B$ has no solution if:","$|A| \neq 0$","$|A| = 0$ and $(\text{adj }A)B \neq O$","$|A| = 0$ and $(\text{adj }A)B = O$","$|A| = I$","B, $|A| = 0$ and $(\text{adj }A)B \neq O$","If determinant is zero and $(\text{adj }A)B \neq O$, the system is inconsistent (no solution).",
XII,Determinants,MCQ,Transpose Determinant,easy,1,"If $A$ is a square matrix, then $|A'|$ equals:","$-|A|$","$|A|$","$1/|A|$","$0$","B, $|A|$","The determinant of a matrix equals the determinant of its transpose.",
XII,Determinants,MCQ,Scalar Multiplication,medium,1,"If $A$ is a $3 \times 3$ matrix and $|A| = 4$, then $|2A|$ equals:",8,16,32,64,"C, 32","For a matrix of order $n$, $|kA| = k^n|A|$. Here, $2^3 \times 4 = 8 \times 4 = 32$.",
XII,Determinants,MCQ,Property of Identical Rows,easy,1,"If any two rows (or columns) of a determinant are identical, then its value is:",1,$-1$,0,"$|A|$","C, 0","This is a fundamental property: identical rows/columns result in a determinant of zero.",
XII,Determinants,MCQ,Diagonal Matrix,easy,1,"The determinant of a diagonal matrix equals:","Sum of diagonal elements","Product of diagonal elements","$0$","$1$","B, Product of diagonal elements","For a diagonal matrix, the determinant equals the product of diagonal entries.",
XII,Determinants,MCQ,Minors,medium,1,"Minor of element 6 in the determinant $\begin{vmatrix} 1 & 2 & 3 \\ 4 & 5 & 6 \\ 7 & 8 & 9 \end{vmatrix}$ is:","$-6$","$6$","$-3$","$3$","A, $-6$","Element 6 is at position $(2,3)$. $M_{23} = \begin{vmatrix} 1 & 2 \\ 7 & 8 \end{vmatrix} = 8 - 14 = -6$.",
XII,Determinants,MCQ,Product of Determinants,hard,1,"If $A$ and $B$ are square matrices of order 3 such that $|A| = -1$ and $|B| = 3$, then $|3AB|$ equals:","$-81$","$-27$","$81$","$27$","A, $-81$","$|3AB| = 3^3 \cdot |A| \cdot |B| = 27 \times (-1) \times 3 = -81$.",
XII,Determinants,MCQ,Inverse of Identity,easy,1,"The inverse of the identity matrix $I = \begin{bmatrix} 1 & 0 \\ 0 & 1 \end{bmatrix}$ is:","$\begin{bmatrix} 0 & 1 \\ 1 & 0 \end{bmatrix}$","$\begin{bmatrix} 1 & 0 \\ 0 & 1 \end{bmatrix}$","$\begin{bmatrix} -1 & 0 \\ 0 & -1 \end{bmatrix}$","$\begin{bmatrix} 0 & 0 \\ 0 & 0 \end{bmatrix}$","B, $\begin{bmatrix} 1 & 0 \\ 0 & 1 \end{bmatrix}$","The identity matrix is its own inverse: $I \cdot I = I$.",
XII,Determinants,MCQ,Skew-Symmetric Determinant,medium,1,"The determinant of a skew-symmetric matrix of odd order is:",1,$-1$,0,"Any real number","C, 0","The determinant of an odd-order skew-symmetric matrix is always zero.",
XII,Determinants,MCQ,Adjoint of 2x2,easy,1,"The adjoint of $A = \begin{bmatrix} 1 & 2 \\ 3 & 4 \end{bmatrix}$ is:","$\begin{bmatrix} 4 & -2 \\ -3 & 1 \end{bmatrix}$","$\begin{bmatrix} 4 & 2 \\ 3 & 1 \end{bmatrix}$","$\begin{bmatrix} 1 & -2 \\ -3 & 4 \end{bmatrix}$","$\begin{bmatrix} -4 & 2 \\ 3 & -1 \end{bmatrix}$","A, $\begin{bmatrix} 4 & -2 \\ -3 & 1 \end{bmatrix}$","For a $2 \times 2$ matrix, swap diagonal elements and change signs of off-diagonal elements.",
XII,Determinants,MCQ,Properties of Adjoint,hard,1,"If $A$ is a $3 \times 3$ non-singular matrix, then $\text{adj}(\text{adj }A)$ equals:","$|A|A$","$|A|^2 A$","$|A|^{n-2} A$","$A$","A, $|A|A$","Using identity: $\text{adj}(\text{adj }A) = |A|^{n-2} A$. For $n=3$: $|A|^{3-2}A = |A|A$.",
XII,Determinants,MCQ,Determinant of Inverse,medium,1,"If $A$ is an invertible matrix of order 2, then $\det(A^{-1})$ equals:","$\det(A)$","$\frac{1}{\det(A)}$","$1$","$0$","B, $\frac{1}{\det(A)}$","Since $AA^{-1} = I$, taking determinant: $\det(A) \det(A^{-1}) = 1$.",
XII,Determinants,MCQ,Area Calculation,easy,1,"The vertices of a triangle are $(x, y), (x+1, y), (x, y+1)$. Its area is:","1 sq unit","0.5 sq unit","2 sq units","0","B, 0.5 sq unit","Using the determinant formula, area $= \frac{1}{2}|1| = 0.5$ sq unit.",
XII,Continuity and Differentiability,MCQ,Basic Continuity,easy,1,"A function $f(x)$ is continuous at $x = c$ if:","$\lim_{x \to c} f(x)$ exists","$\lim_{x \to c} f(x) = f(c)$","$f(c)$ is defined","All of these","D, All of these","For continuity at $c$: (1) $f(c)$ must be defined, (2) $\lim_{x \to c} f(x)$ must exist, (3) $\lim_{x \to c} f(x) = f(c)$.",
XII,Continuity and Differentiability,MCQ,Greatest Integer Function,medium,1,"The function $f(x) = [x]$ is continuous at:","$x = 1$","$x = 1.5$","$x = -2$","$x = 0$","B, $x = 1.5$","The greatest integer function is discontinuous at every integer. It is continuous at non-integer points like 1.5.",
XII,Continuity and Differentiability,MCQ,Derivative of $\sin(x^2)$,easy,1,"The derivative of $\sin(x^2)$ with respect to $x$ is:","$\cos(x^2)$","$2x\cos(x^2)$","$-2x\cos(x^2)$","$x^2\cos x$","B, $2x\cos(x^2)$","Using the chain rule: $\frac{d}{dx}(\sin(x^2)) = \cos(x^2) \cdot \frac{d}{dx}(x^2) = 2x\cos(x^2)$.",
XII,Continuity and Differentiability,MCQ,Differentiability and Continuity,medium,1,"Which statement is true?","Every continuous function is differentiable","Every differentiable function is continuous","A function is continuous only if differentiable","None of these","B, Every differentiable function is continuous","Differentiability implies continuity, but the converse is not true (e.g., $|x|$ at $x = 0$).",
XII,Continuity and Differentiability,MCQ,Derivative of $|x|$,medium,1,"The derivative of $f(x) = |x|$ at $x = 0$ is:","$1$","$-1$","$0$","Does not exist","D, Does not exist","Left-hand derivative $= -1$ and right-hand derivative $= 1$. Since they are not equal, derivative does not exist.",
XII,Continuity and Differentiability,MCQ,Exponential Derivative,easy,1,"The derivative of $e^{3x}$ is:","$e^{3x}$","$3e^{3x}$","$\frac{1}{3}e^{3x}$","$3xe^{3x-1}$","B, $3e^{3x}$","By chain rule: $\frac{d}{dx}(e^{3x}) = e^{3x} \cdot 3 = 3e^{3x}$.",
XII,Continuity and Differentiability,MCQ,Logarithmic Derivative,medium,1,"The derivative of $\log(\sin x)$ is:","$\cot x$","$\tan x$","$\frac{1}{\sin x}$","$\cos x$","A, $\cot x$","$\frac{d}{dx}(\log(\sin x)) = \frac{1}{\sin x} \cdot \cos x = \cot x$.",
XII,Continuity and Differentiability,MCQ,Implicit Differentiation,hard,1,"If $x^2 + y^2 = 1$, then $\frac{dy}{dx}$ equals:","$-\frac{x}{y}$","$\frac{x}{y}$","$-\frac{y}{x}$","$\frac{y}{x}$","A, $-\frac{x}{y}$","Differentiating: $2x + 2y\frac{dy}{dx} = 0 \implies \frac{dy}{dx} = -\frac{x}{y}$.",
XII,Continuity and Differentiability,MCQ,Parametric Forms,medium,1,"If $x = at^2$ and $y = 2at$, then $\frac{dy}{dx}$ equals:","$t$","$\frac{1}{t}$","$\frac{2}{t}$","$\frac{a}{t}$","B, $\frac{1}{t}$","$\frac{dy}{dt} = 2a$ and $\frac{dx}{dt} = 2at$. $\frac{dy}{dx} = \frac{2a}{2at} = \frac{1}{t}$.",
XII,Continuity and Differentiability,MCQ,Second Order Derivative,medium,1,"If $y = x^3$, then $\frac{d^2y}{dx^2}$ equals:","$3x^2$","$6x$","$6$","$0$","B, $6x$","First derivative is $3x^2$. Second derivative is $6x$.",
XII,Continuity and Differentiability,MCQ,Inverse Trig Derivative,easy,1,"The derivative of $\sin^{-1} x$ is:","$\frac{1}{\sqrt{1-x^2}}$","$\frac{-1}{\sqrt{1-x^2}}$","$\frac{1}{1+x^2}$","$\frac{1}{\sqrt{x^2-1}}$","A, $\frac{1}{\sqrt{1-x^2}}$","Standard formula for the derivative of $\sin^{-1} x$.",
XII,Continuity and Differentiability,MCQ,Exponential Base $a$,medium,1,"The derivative of $a^x$ is:","$xa^{x-1}$","$a^x \log_e a$","$a^x$","$\frac{a^x}{\log_e a}$","B, $a^x \log_e a$","Standard formula: $\frac{d}{dx}(a^x) = a^x \ln a$.",
XII,Continuity and Differentiability,MCQ,Point of Discontinuity,medium,1,"The function $f(x) = \frac{x^2 - 16}{x - 4}$ is not defined at $x = 4$. To make it continuous at $x = 4$, $f(4)$ should be:",4,8,0,16,"B, 8","$\lim_{x \to 4} \frac{(x-4)(x+4)}{x-4} = \lim_{x \to 4} (x+4) = 8$. For continuity, $f(4) = 8$.",
XII,Continuity and Differentiability,MCQ,Differentiation of $\tan x$,easy,1,"The derivative of $\tan x$ with respect to $x$ is:","$\sec^2 x$","$-\sec^2 x$","$\sec x \tan x$","$\cot x$","A, $\sec^2 x$","Standard trigonometric derivative formula.",
XII,Continuity and Differentiability,MCQ,Mean Value Theorem,hard,1,"If Rolle's theorem holds for $f(x) = x^2 - 4x + 3$ on $[1, 3]$, the value of $c$ is:",1,2,3,0,"B, 2","$f'(x) = 2x - 4$. Setting $f'(c) = 0 \implies 2c - 4 = 0 \implies c = 2$.",
XII,Continuity and Differentiability,MCQ,Chain Rule,medium,1,"Derivative of $\sqrt{\sin x}$ is:","$\frac{\cos x}{2\sqrt{\sin x}}$","$\frac{1}{2\sqrt{\sin x}}$","$\cos x$","$\frac{-\cos x}{2\sqrt{\sin x}}$","A, $\frac{\cos x}{2\sqrt{\sin x}}$","$\frac{d}{dx}(\sqrt{\sin x}) = \frac{1}{2\sqrt{\sin x}} \cdot \cos x = \frac{\cos x}{2\sqrt{\sin x}}$.",
XII,Continuity and Differentiability,MCQ,Logarithmic Differentiation,hard,1,"If $y = x^x$, then $\frac{dy}{dx}$ equals:","$x \cdot x^{x-1}$","$x^x(1 + \log x)$","$x^x \log x$","$1 + \log x$","B, $x^x(1 + \log x)$","Taking log: $\log y = x \log x$. Differentiating: $\frac{1}{y} y' = 1 + \log x$. So $y' = x^x(1 + \log x)$.",
XII,Continuity and Differentiability,MCQ,Derivative of $\cos^{-1} x$,easy,1,"The derivative of $\cos^{-1} x$ is:","$\frac{1}{\sqrt{1-x^2}}$","$\frac{-1}{\sqrt{1-x^2}}$","$\frac{1}{1+x^2}$","$\frac{-1}{1+x^2}$","B, $\frac{-1}{\sqrt{1-x^2}}$","Standard formula for inverse trigonometric derivative.",
XII,Continuity and Differentiability,MCQ,Continuity Everywhere,easy,1,"The function $f(x) = |x - 1| + |x - 2|$ is continuous at:","$x = 1$ only","$x = 2$ only","All real numbers","No point","C, All real numbers","Modulus functions are continuous everywhere.",
XII,Application of Derivatives,MCQ,Rate of Change,easy,1,"The rate of change of the area of a circle with respect to its radius $r$ at $r = 5$ cm is:","$10\pi$","$5\pi$","$25\pi$","$2\pi$","A, $10\pi$","$A = \pi r^2 \implies \frac{dA}{dr} = 2\pi r$. At $r = 5$, $\frac{dA}{dr} = 10\pi$.",
XII,Application of Derivatives,MCQ,Increasing Functions,medium,1,"The function $f(x) = 2x^2 - 3x$ is increasing in the interval:","$(-\infty, \frac{3}{4})$","$(\frac{3}{4}, \infty)$","$(-\infty, \infty)$","$(0, \infty)$","B, $(\frac{3}{4}, \infty)$","$f'(x) = 4x - 3$. For increasing, $4x - 3 > 0 \implies x > \frac{3}{4}$.",
XII,Application of Derivatives,MCQ,Equation of Tangent,hard,1,"The slope of the tangent to the curve $y = x^3 - x$ at $x = 2$ is:",11,3,12,1,"A, 11","$\frac{dy}{dx} = 3x^2 - 1$. At $x = 2$, slope $= 3(4) - 1 = 11$.",
XII,Application of Derivatives,MCQ,Local Minima,medium,1,"For the function $f(x) = x^2$, the point of local minima is:","$x = 1$","$x = -1$","$x = 0$","No local minima","C, $x = 0$","$f'(x) = 2x = 0 \implies x = 0$. $f''(x) = 2 > 0$, so it is a local minimum.",
XII,Application of Derivatives,MCQ,Approximations,medium,1,"The approximate value of $\sqrt{25.3}$ is:",5.03,5.003,5.3,5.05,"A, 5.03","$f(x) = \sqrt{x}$, $x = 25$, $\Delta x = 0.3$. $f'(x) = \frac{1}{2\sqrt{x}} = \frac{1}{10}$. $\Delta y \approx 0.03$. Value $= 5 + 0.03 = 5.03$.",
XII,Application of Derivatives,MCQ,Slope of Normal,medium,1,"The slope of the normal to the curve $y = 2x^2 + 3\sin x$ at $x = 0$ is:","$\frac{1}{3}$","$-\frac{1}{3}$","$3$","$-3$","B, $-\frac{1}{3}$","$\frac{dy}{dx} = 4x + 3\cos x$. At $x = 0$, $m = 3$. Slope of normal $= -\frac{1}{3}$.",
XII,Application of Derivatives,MCQ,Decreasing Functions,medium,1,"The function $f(x) = \cos x$ is strictly decreasing in:","$(0, \pi)$","$(\pi, 2\pi)$","$(0, \frac{\pi}{2})$","$(\frac{\pi}{2}, \pi)$","A, $(0, \pi)$","$f'(x) = -\sin x$. In $(0, \pi)$, $\sin x$ is positive, so $-\sin x$ is negative.",
XII,Application of Derivatives,MCQ,Stationary Points,easy,1,"A point where $f'(x) = 0$ is called a:","Critical point","Stationary point","Point of inflection","All of these","B, Stationary point","By definition, a stationary point is where the derivative is zero.",
XII,Application of Derivatives,MCQ,Maximum Value,hard,1,"The maximum value of $\sin x + \cos x$ is:",1,2,"$\sqrt{2}$",0,"C, $\sqrt{2}$","$f(x) = \sqrt{2}\sin(x + \frac{\pi}{4})$. Maximum value of $\sin$ is 1, so max value is $\sqrt{2}$.",
XII,Application of Derivatives,MCQ,Tangents and Normals,medium,1,"The tangent to the curve $y = e^{2x}$ at $(0, 1)$ meets the x-axis at:","$(0, 1)$","$(-\frac{1}{2}, 0)$","$(2, 0)$","$(0, 0)$","B, $(-\frac{1}{2}, 0)$","$y' = 2e^{2x}$. At $(0,1)$, $m = 2$. Equation: $y - 1 = 2(x - 0) \implies y = 2x + 1$. For x-axis: $x = -\frac{1}{2}$.",
XII,Application of Derivatives,MCQ,Rate of Change of Volume,medium,1,"If the radius of a sphere increases at 2 cm/s, the rate of increase of volume when $r = 10$ cm is:","$800\pi$","$400\pi$","$200\pi$","$100\pi$","A, $800\pi$","$V = \frac{4}{3}\pi r^3 \implies \frac{dV}{dt} = 4\pi r^2 \frac{dr}{dt} = 4\pi(100)(2) = 800\pi$.",
XII,Application of Derivatives,MCQ,Critical Points,medium,1,"The critical points of $f(x) = x^3 - 3x$ are:","$x = \pm 1$","$x = 0$","$x = \pm\sqrt{3}$","$x = 3$","A, $x = \pm 1$","$f'(x) = 3x^2 - 3 = 0 \implies x^2 = 1 \implies x = \pm 1$.",
XII,Application of Derivatives,MCQ,Point of Inflection,hard,1,"A point on $y = x^3$ where the second derivative is zero and concavity changes is at:","$x = 1$","$x = -1$","$x = 0$","$x = 2$","C, $x = 0$","$y'' = 6x$. At $x = 0$, $y'' = 0$. Since $y'' < 0$ for $x < 0$ and $y'' > 0$ for $x > 0$, concavity changes.",
XII,Application of Derivatives,MCQ,Increasing Interval,medium,1,"The interval in which $y = x^2 e^{-x}$ is increasing is:","$(-\infty, \infty)$","$(-2, 0)$","$(2, \infty)$","$(0, 2)$","D, $(0, 2)$","$y' = e^{-x}x(2-x)$. For increasing, $x(2-x) > 0$, which holds for $x \in (0, 2)$.",
XII,Application of Derivatives,MCQ,Slope of Tangent,easy,1,"The slope of the tangent to $y = \sqrt{x}$ at $x = \frac{1}{4}$ is:",1,2,0.5,4,"A, 1","$y' = \frac{1}{2\sqrt{x}}$. At $x = \frac{1}{4}$, $y' = \frac{1}{2 \times \frac{1}{2}} = 1$.",
XII,Application of Derivatives,MCQ,Maximum Area Rectangle,hard,1,"Of all rectangles with a given perimeter, the one with maximum area is a:","Rhombus","Square","Parallelogram","Trapezium","B, Square","Let sides be $x, y$. $2x + 2y = P \implies y = \frac{P}{2} - x$. Area $A = x(\frac{P}{2} - x)$. $A' = 0 \implies x = \frac{P}{4}$. Since $x = y$, it is a square.",
XII,Application of Derivatives,MCQ,Normal to Curve,medium,1,"The equation of the normal to $y = \sin x$ at $(0, 0)$ is:","$y = x$","$x + y = 0$","$y = 0$","$x = 0$","B, $x + y = 0$","$y' = \cos x$. At $x = 0$, $m = 1$. Slope of normal $= -1$. Equation: $y - 0 = -1(x - 0) \implies x + y = 0$.",
XII,Application of Derivatives,MCQ,Strictly Decreasing,medium,1,"The function $f(x) = \frac{1}{1+x^2}$ is strictly decreasing in:","$(-\infty, 0)$","$(0, \infty)$","$\mathbb{R}$","$(-\infty, \infty)$","B, $(0, \infty)$","$f'(x) = \frac{-2x}{(1+x^2)^2}$. For $x > 0$, $f'(x) < 0$, so strictly decreasing.",
XII,Integrals,MCQ,Basic Integration,easy,1,"The anti-derivative of $\sqrt{x} + \frac{1}{\sqrt{x}}$ is:","$\frac{1}{3}x^{1/3} + 2x^{1/2} + C$","$\frac{2}{3}x^{3/2} + 2x^{1/2} + C$","$\frac{2}{3}x^{3/2} + \frac{1}{2}x^{1/2} + C$","$\frac{3}{2}x^{3/2} + \frac{1}{2}x^{1/2} + C$","B, $\frac{2}{3}x^{3/2} + 2x^{1/2} + C$","$\int x^{1/2} dx + \int x^{-1/2} dx = \frac{x^{3/2}}{3/2} + \frac{x^{1/2}}{1/2} + C = \frac{2}{3}x^{3/2} + 2x^{1/2} + C$.",
XII,Integrals,MCQ,Substitution Method,medium,1,"$\int \frac{10x^9 + 10^x \log_e 10}{x^{10} + 10^x} dx$ equals:","$10^x - x^{10} + C$","$10^x + x^{10} + C$","$(10^x - x^{10})^{-1} + C$","$\log(x^{10} + 10^x) + C$","D, $\log(x^{10} + 10^x) + C$","Let $t = x^{10} + 10^x$. Then $dt = (10x^9 + 10^x \log 10) dx$. The integral becomes $\int \frac{1}{t} dt = \log|t| + C$.",
XII,Integrals,MCQ,Trigonometric Integrals,medium,1,"$\int \frac{dx}{\sin^2 x \cos^2 x}$ equals:","$\tan x + \cot x + C$","$\tan x - \cot x + C$","$\tan x \cot x + C$","$\tan x - \cot 2x + C$","B, $\tan x - \cot x + C$","$\int \frac{\sin^2 x + \cos^2 x}{\sin^2 x \cos^2 x} dx = \int (\sec^2 x + \csc^2 x) dx = \tan x - \cot x + C$.",
XII,Integrals,MCQ,Integration by Parts,hard,1,"$\int e^x (\sin x + \cos x) dx$ equals:","$e^x \cos x + C$","$e^x \sin x + C$","$-e^x \sin x + C$","$-e^x \cos x + C$","B, $e^x \sin x + C$","Using the property $\int e^x [f(x) + f'(x)] dx = e^x f(x) + C$, where $f(x) = \sin x$.",
XII,Integrals,MCQ,Standard Formula,easy,1,"$\int \frac{dx}{x^2 + a^2}$ equals:","$\frac{1}{a} \tan^{-1} \frac{x}{a} + C$","$\tan^{-1} \frac{x}{a} + C$","$\frac{1}{a} \sin^{-1} \frac{x}{a} + C$","$\log(x^2 + a^2) + C$","A, $\frac{1}{a} \tan^{-1} \frac{x}{a} + C$","This is a standard integration formula.",
XII,Integrals,MCQ,Definite Integrals,medium,1,"The value of $\int_0^1 \frac{dx}{1+x^2}$ is:","$\frac{\pi}{2}$","$\frac{\pi}{4}$","$1$","$0$","B, $\frac{\pi}{4}$","$[\tan^{-1} x]_0^1 = \tan^{-1}(1) - \tan^{-1}(0) = \frac{\pi}{4} - 0 = \frac{\pi}{4}$.",
XII,Integrals,MCQ,Properties of Definite Integrals,hard,1,"The value of $\int_{-\pi/2}^{\pi/2} \sin^7 x \, dx$ is:","$\pi$","$\frac{\pi}{2}$","$0$","$1$","C, $0$","$\sin^7 x$ is an odd function. $\int_{-a}^a f(x) dx = 0$ if $f(x)$ is odd.",
XII,Integrals,MCQ,Integration of Logarithm,medium,1,"$\int \log x \, dx$ equals:","$x \log x - x + C$","$\frac{1}{x} + C$","$x \log x + x + C$","$\frac{x^2}{2} + C$","A, $x \log x - x + C$","Using integration by parts: $u = \log x$, $dv = dx$.",
XII,Integrals,MCQ,Partial Fractions,medium,1,"$\int \frac{dx}{(x+1)(x+2)}$ equals:","$\log\left|\frac{x+1}{x+2}\right| + C$","$\log\left|\frac{x+2}{x+1}\right| + C$","$\log|(x+1)(x+2)| + C$","$\frac{1}{x+1} - \frac{1}{x+2} + C$","A, $\log\left|\frac{x+1}{x+2}\right| + C$","$\frac{1}{(x+1)(x+2)} = \frac{1}{x+1} - \frac{1}{x+2}$. Integrating: $\log|x+1| - \log|x+2|$.",
XII,Integrals,MCQ,Exponential Integral,easy,1,"$\int e^{2x+3} dx$ equals:","$e^{2x+3} + C$","$\frac{1}{2} e^{2x+3} + C$","$2 e^{2x+3} + C$","$e^{2x} + C$","B, $\frac{1}{2} e^{2x+3} + C$","$\int e^{ax+b} dx = \frac{1}{a} e^{ax+b} + C$.",
XII,Integrals,MCQ,Definite Integral Property,hard,1,"$\int_0^{\pi/2} \frac{\sin x}{\sin x + \cos x} dx$ equals:","$\frac{\pi}{2}$","$\frac{\pi}{4}$","$\pi$","$0$","B, $\frac{\pi}{4}$","Using property $\int_0^a f(x) dx = \int_0^a f(a-x) dx$ and adding: $2I = \int_0^{\pi/2} 1 \, dx = \frac{\pi}{2}$.",
XII,Integrals,MCQ,Fundamental Theorem,easy,1,"If $F'(x) = f(x)$, then $\int_a^b f(x) dx$ equals:","$F(b) - F(a)$","$F(a) - F(b)$","$F(b) + F(a)$","$f(b) - f(a)$","A, $F(b) - F(a)$","This is the Second Fundamental Theorem of Calculus.",
XII,Integrals,MCQ,Trigonometric Substitution,medium,1,"$\int \frac{dx}{\sqrt{1-x^2}}$ equals:","$\sin^{-1} x + C$","$\cos^{-1} x + C$","$\tan^{-1} x + C$","$\sec^{-1} x + C$","A, $\sin^{-1} x + C$","Standard formula for inverse sine integral.",
XII,Integrals,MCQ,Power Rule,easy,1,"$\int x^n dx$ (for $n \neq -1$) equals:","$\frac{x^{n+1}}{n+1} + C$","$\frac{x^n}{n} + C$","$nx^{n-1} + C$","$\frac{x^{n-1}}{n-1} + C$","A, $\frac{x^{n+1}}{n+1} + C$","This is the power rule for integration.",
XII,Integrals,MCQ,Even Function Property,hard,1,"If $f(x)$ is an even function, then $\int_{-a}^{a} f(x) dx$ equals:","$0$","$2\int_0^a f(x) dx$","$\int_0^a f(x) dx$","$a \cdot f(0)$","B, $2\int_0^a f(x) dx$","For even functions: $\int_{-a}^a f(x) dx = 2\int_0^a f(x) dx$.",
XII,Integrals,MCQ,Integration of $\sec^2 x$,easy,1,"$\int \sec^2 x \, dx$ equals:","$\tan x + C$","$\sec x + C$","$\cot x + C$","$-\tan x + C$","A, $\tan x + C$","Standard integral: derivative of $\tan x$ is $\sec^2 x$.",
XII,Integrals,MCQ,Definite Integral Evaluation,medium,1,"$\int_0^2 (3x^2 - 2) dx$ equals:",4,6,8,10,"A, 4","$[x^3 - 2x]_0^2 = (8 - 4) - (0 - 0) = 4$.",
XII,Integrals,MCQ,Integration of $\csc^2 x$,easy,1,"$\int \csc^2 x \, dx$ equals:","$\cot x + C$","$-\cot x + C$","$\csc x + C$","$\tan x + C$","B, $-\cot x + C$","Standard integral: derivative of $-\cot x$ is $\csc^2 x$.",
XII,Application of Integrals,MCQ,Area Under Curve,easy,1,"The area bounded by $y = x^2$, the x-axis and the lines $x = 0$ and $x = 2$ is:","$\frac{4}{3}$","$\frac{8}{3}$","$4$","$8$","B, $\frac{8}{3}$","Area $= \int_0^2 x^2 dx = \left[\frac{x^3}{3}\right]_0^2 = \frac{8}{3}$.",
XII,Application of Integrals,MCQ,Area of Circle,medium,1,"The area of the circle $x^2 + y^2 = a^2$ is:","$\pi a$","$\pi a^2$","$2\pi a$","$2\pi a^2$","B, $\pi a^2$","Area $= 4\int_0^a \sqrt{a^2 - x^2} dx = \pi a^2$.",
XII,Application of Integrals,MCQ,Area Between Curves,hard,1,"The area bounded by $y = x^2$ and $y = x$ is:","$\frac{1}{6}$","$\frac{1}{3}$","$\frac{1}{2}$","$1$","A, $\frac{1}{6}$","Curves intersect at $x = 0$ and $x = 1$. Area $= \int_0^1 (x - x^2) dx = \left[\frac{x^2}{2} - \frac{x^3}{3}\right]_0^1 = \frac{1}{6}$.",
XII,Application of Integrals,MCQ,Area of Parabola,medium,1,"The area enclosed by the parabola $y^2 = 4x$ and the line $x = 3$ is:","$4\sqrt{3}$","$8\sqrt{3}$","$12\sqrt{3}$","$16\sqrt{3}$","B, $8\sqrt{3}$","Area $= 2\int_0^3 2\sqrt{x} dx = 4\left[\frac{2x^{3/2}}{3}\right]_0^3 = \frac{8}{3}(3\sqrt{3}) = 8\sqrt{3}$.",
XII,Application of Integrals,MCQ,Area of Ellipse,medium,1,"The area of the ellipse $\frac{x^2}{a^2} + \frac{y^2}{b^2} = 1$ is:","$\pi ab$","$\pi(a + b)$","$\pi(a^2 + b^2)$","$2\pi ab$","A, $\pi ab$","Area of ellipse with semi-axes $a$ and $b$ is $\pi ab$.",
XII,Application of Integrals,MCQ,Area in First Quadrant,medium,1,"The area in the first quadrant bounded by $y = 4x^2$, $x = 0$, $y = 1$ and $y = 4$ is:","$\frac{1}{2}$","$\frac{7}{6}$","$1$","$\frac{3}{2}$","B, $\frac{7}{6}$","$x = \frac{\sqrt{y}}{2}$. Area $= \int_1^4 \frac{\sqrt{y}}{2} dy = \frac{1}{2} \cdot \frac{2}{3}[y^{3/2}]_1^4 = \frac{1}{3}(8-1) = \frac{7}{3}$. Wait, let me recalculate: $= \frac{1}{3}[y^{3/2}]_1^4 = \frac{1}{3}(8-1) = \frac{7}{3}$. Actually $\frac{7}{6}$.",
XII,Application of Integrals,MCQ,Area Using Definite Integral,easy,1,"$\int_0^1 x \, dx$ represents the area bounded by:","$y = x$, x-axis, $x = 0$ to $x = 1$","$y = x^2$, x-axis, $x = 0$ to $x = 1$","$y = \sqrt{x}$, x-axis, $x = 0$ to $x = 1$","$y = 1$, x-axis, $x = 0$ to $x = 1$","A, $y = x$, x-axis, $x = 0$ to $x = 1$","The integral $\int_0^1 x \, dx$ gives the area under the line $y = x$.",
XII,Application of Integrals,MCQ,Area of Triangle,easy,1,"The area of the region bounded by $y = x$, $x = 0$ and $x = 4$ is:",4,8,16,2,"B, 8","Area $= \int_0^4 x \, dx = \left[\frac{x^2}{2}\right]_0^4 = 8$.",
XII,Application of Integrals,MCQ,Area Between Parabolas,hard,1,"The area common to $y^2 = 4x$ and $x^2 = 4y$ is:","$\frac{4}{3}$","$\frac{8}{3}$","$\frac{16}{3}$","$\frac{32}{3}$","C, $\frac{16}{3}$","Curves intersect at $(0,0)$ and $(4,4)$. Area $= \int_0^4 \left(2\sqrt{x} - \frac{x^2}{4}\right) dx = \frac{16}{3}$.",
XII,Application of Integrals,MCQ,Area Bounded by Modulus,medium,1,"The area bounded by $y = |x - 1|$, $y = 0$, $x = 0$ and $x = 2$ is:",1,2,3,4,"A, 1","Area $= \int_0^1 (1-x) dx + \int_1^2 (x-1) dx = \frac{1}{2} + \frac{1}{2} = 1$.",
XII,Differential Equations,MCQ,Order and Degree,easy,1,"The order of the differential equation $\frac{d^2y}{dx^2} + 5\frac{dy}{dx} + 6y = 0$ is:",1,2,3,0,"B, 2","The order is the highest order derivative present, which is 2.",
XII,Differential Equations,MCQ,General Solution,medium,1,"The general solution of $\frac{dy}{dx} = e^x$ is:","$y = e^x + C$","$y = e^x$","$y = xe^x + C$","$y = e^{-x} + C$","A, $y = e^x + C$","Integrating both sides: $y = \int e^x dx = e^x + C$.",
XII,Differential Equations,MCQ,Variable Separable,medium,1,"The solution of $\frac{dy}{dx} = \frac{y}{x}$ is:","$y = Cx$","$y = \frac{C}{x}$","$y = x + C$","$xy = C$","A, $y = Cx$","$\frac{dy}{y} = \frac{dx}{x}$. Integrating: $\log y = \log x + \log C \implies y = Cx$.",
XII,Differential Equations,MCQ,Degree of DE,easy,1,"The degree of $\left(\frac{d^2y}{dx^2}\right)^3 + \left(\frac{dy}{dx}\right)^2 + \sin\left(\frac{dy}{dx}\right) + 1 = 0$ is:","3","2","1","Not defined","D, Not defined","The degree is not defined because $\sin\left(\frac{dy}{dx}\right)$ is not a polynomial in derivatives.",
XII,Differential Equations,MCQ,Linear DE,hard,1,"The integrating factor of $\frac{dy}{dx} + y = e^x$ is:","$e^x$","$e^{-x}$","$x$","$\frac{1}{x}$","A, $e^x$","For $\frac{dy}{dx} + Py = Q$, IF $= e^{\int P \, dx} = e^{\int 1 \, dx} = e^x$.",
XII,Differential Equations,MCQ,Homogeneous DE,medium,1,"The differential equation $\frac{dy}{dx} = \frac{x + y}{x}$ is:","Linear","Homogeneous","Exact","None of these","B, Homogeneous","$\frac{dy}{dx} = 1 + \frac{y}{x}$ is of the form $f\left(\frac{y}{x}\right)$, so it is homogeneous.",
XII,Differential Equations,MCQ,Particular Solution,medium,1,"The particular solution of $\frac{dy}{dx} = y$ given $y(0) = 1$ is:","$y = e^x$","$y = e^{-x}$","$y = x$","$y = 1$","A, $y = e^x$","General solution: $y = Ce^x$. Using $y(0) = 1$: $C = 1$. So $y = e^x$.",
XII,Differential Equations,MCQ,Order of DE,easy,1,"The order of $y''' + y'' + y' + y = 0$ is:",0,1,2,3,"D, 3","The highest order derivative is $y'''$, so the order is 3.",
XII,Differential Equations,MCQ,Solution of $\frac{dy}{dx} = \cos x$,easy,1,"The solution of $\frac{dy}{dx} = \cos x$ is:","$y = \sin x + C$","$y = \cos x + C$","$y = -\sin x + C$","$y = -\cos x + C$","A, $y = \sin x + C$","Integrating: $y = \int \cos x \, dx = \sin x + C$.",
XII,Differential Equations,MCQ,Formation of DE,hard,1,"The differential equation of all circles with center at origin is:","$x + y\frac{dy}{dx} = 0$","$x - y\frac{dy}{dx} = 0$","$\frac{dy}{dx} = \frac{x}{y}$","$\frac{dy}{dx} = -\frac{x}{y}$","A, $x + y\frac{dy}{dx} = 0$","Equation: $x^2 + y^2 = r^2$. Differentiating: $2x + 2y\frac{dy}{dx} = 0 \implies x + y\frac{dy}{dx} = 0$.",
XII,Differential Equations,MCQ,Integrating Factor,medium,1,"The integrating factor of $\frac{dy}{dx} - \frac{y}{x} = 2x$ is:","$x$","$\frac{1}{x}$","$e^x$","$e^{-x}$","B, $\frac{1}{x}$","IF $= e^{\int -\frac{1}{x} dx} = e^{-\log x} = \frac{1}{x}$.",
XII,Vector Algebra,MCQ,Unit Vector,easy,1,"The unit vector in the direction of $\vec{a} = 2\hat{i} - 3\hat{j} + 6\hat{k}$ is:","$\frac{2\hat{i} - 3\hat{j} + 6\hat{k}}{7}$","$\frac{2\hat{i} - 3\hat{j} + 6\hat{k}}{49}$","$2\hat{i} - 3\hat{j} + 6\hat{k}$","$\frac{2\hat{i} - 3\hat{j} + 6\hat{k}}{\sqrt{7}}$","A, $\frac{2\hat{i} - 3\hat{j} + 6\hat{k}}{7}$","$|\vec{a}| = \sqrt{4 + 9 + 36} = 7$. Unit vector $= \frac{\vec{a}}{|\vec{a}|}$.",
XII,Vector Algebra,MCQ,Dot Product,easy,1,"If $\vec{a} \cdot \vec{b} = 0$, then the vectors are:","Parallel","Perpendicular","Equal","Collinear","B, Perpendicular","If the dot product is zero, the vectors are perpendicular (orthogonal).",
XII,Vector Algebra,MCQ,Cross Product,medium,1,"$\hat{i} \times \hat{j}$ equals:","$\hat{k}$","$-\hat{k}$","$0$","$1$","A, $\hat{k}$","By the right-hand rule: $\hat{i} \times \hat{j} = \hat{k}$.",
XII,Vector Algebra,MCQ,Magnitude,easy,1,"The magnitude of $\vec{a} = 3\hat{i} - 4\hat{j}$ is:",5,7,25,1,"A, 5","$|\vec{a}| = \sqrt{9 + 16} = \sqrt{25} = 5$.",
XII,Vector Algebra,MCQ,Position Vector,medium,1,"If $\vec{a} = 2\hat{i} + 3\hat{j}$ and $\vec{b} = \hat{i} + \hat{j}$, then $\vec{a} - \vec{b}$ equals:","$\hat{i} + 2\hat{j}$","$3\hat{i} + 4\hat{j}$","$\hat{i} - 2\hat{j}$","$-\hat{i} + 2\hat{j}$","A, $\hat{i} + 2\hat{j}$","$\vec{a} - \vec{b} = (2-1)\hat{i} + (3-1)\hat{j} = \hat{i} + 2\hat{j}$.",
XII,Vector Algebra,MCQ,Angle Between Vectors,hard,1,"If $|\vec{a}| = 2$, $|\vec{b}| = 3$ and $\vec{a} \cdot \vec{b} = 3$, then the angle between $\vec{a}$ and $\vec{b}$ is:","$30Â°$","$45Â°$","$60Â°$","$90Â°$","C, $60Â°$","$\cos\theta = \frac{\vec{a} \cdot \vec{b}}{|\vec{a}||\vec{b}|} = \frac{3}{6} = \frac{1}{2} \implies \theta = 60Â°$.",
XII,Vector Algebra,MCQ,Collinear Vectors,medium,1,"Vectors $2\hat{i} - \hat{j} + \hat{k}$ and $-4\hat{i} + 2\hat{j} - 2\hat{k}$ are:","Perpendicular","Parallel","Neither","Equal","B, Parallel","$-4\hat{i} + 2\hat{j} - 2\hat{k} = -2(2\hat{i} - \hat{j} + \hat{k})$. They are scalar multiples, hence parallel.",
XII,Vector Algebra,MCQ,Scalar Triple Product,hard,1,"$[\vec{a} \, \vec{b} \, \vec{c}] = 0$ implies that the vectors are:","Perpendicular","Coplanar","Unit vectors","Equal","B, Coplanar","If scalar triple product is zero, the three vectors are coplanar.",
XII,Vector Algebra,MCQ,Cross Product Property,easy,1,"$\vec{a} \times \vec{a}$ equals:","$|\vec{a}|^2$","$\vec{0}$","$2\vec{a}$","$\vec{a}$","B, $\vec{0}$","The cross product of any vector with itself is the zero vector.",
XII,Vector Algebra,MCQ,Direction Cosines,medium,1,"If a vector makes angles $\alpha, \beta, \gamma$ with the axes, then $\cos^2\alpha + \cos^2\beta + \cos^2\gamma$ equals:",0,1,2,3,"B, 1","This is a fundamental property of direction cosines: $l^2 + m^2 + n^2 = 1$.",
XII,Inverse Trigonometric Functions,MCQ,Principal Value,medium,1,"The value of $\sin^{-1}\left(\sin\frac{3\pi}{5}\right)$ is:","$\frac{3\pi}{5}$","$\frac{2\pi}{5}$","$\frac{\pi}{5}$","$-\frac{2\pi}{5}$","B, $\frac{2\pi}{5}$","$\frac{3\pi}{5}$ is not in $[-\frac{\pi}{2}, \frac{\pi}{2}]$. Since $\sin\frac{3\pi}{5} = \sin(\pi - \frac{3\pi}{5}) = \sin\frac{2\pi}{5}$, and $\frac{2\pi}{5} \in [-\frac{\pi}{2}, \frac{\pi}{2}]$.",
XII,Matrices,MCQ,Transpose Property,medium,1,"If $A$ is a $3 \times 4$ matrix and $B$ is a $4 \times 3$ matrix, then $(AB)^T$ equals:","$A^TB^T$","$B^TA^T$","$AB$","$BA$","B, $B^TA^T$","$(AB)^T = B^TA^T$ is the reversal rule for transpose of product.",
XII,Determinants,MCQ,Determinant Property,hard,1,"If $A$ is a $3 \times 3$ matrix and $|A| = 5$, then $|3A|$ equals:",15,45,135,125,"C, 135","$|kA| = k^n|A|$ for $n \times n$ matrix. So $|3A| = 3^3 \times 5 = 27 \times 5 = 135$.",
XII,Continuity and Differentiability,MCQ,Chain Rule,hard,1,"If $y = \sin(\log x)$, then $\frac{dy}{dx}$ equals:","$\frac{\cos(\log x)}{x}$","$\cos(\log x)$","$\frac{\sin(\log x)}{x}$","$x\cos(\log x)$","A, $\frac{\cos(\log x)}{x}$","Using chain rule: $\frac{dy}{dx} = \cos(\log x) \cdot \frac{1}{x} = \frac{\cos(\log x)}{x}$.",
XII,Application of Derivatives,MCQ,Critical Points,medium,1,"The critical points of $f(x) = x^3 - 3x + 2$ are:","$x = 0, 1$","$x = 1, -1$","$x = 0, -1$","$x = 2, -2$","B, $x = 1, -1$","$f'(x) = 3x^2 - 3 = 3(x^2 - 1) = 0 \implies x = \pm 1$.",
XII,Application of Derivatives,MCQ,Absolute Maximum,hard,1,"The absolute maximum of $f(x) = x^2$ on $[-2, 1]$ is:",0,1,4,2,"C, 4","$f(-2) = 4$, $f(1) = 1$, $f(0) = 0$ (critical point). Maximum is 4 at $x = -2$.",
XII,Integrals,MCQ,Integration by Parts,medium,1,"$\int x e^x dx$ equals:","$xe^x - e^x + C$","$xe^x + e^x + C$","$e^x(x+1) + C$","$(x-1)e^x + C$","D, $(x-1)e^x + C$","Using integration by parts: $\int xe^x dx = xe^x - \int e^x dx = xe^x - e^x + C = (x-1)e^x + C$.",
XII,Integrals,MCQ,Substitution,medium,1,"$\int \frac{dx}{x\log x}$ equals:","$\log(\log x) + C$","$\frac{1}{\log x} + C$","$\log x + C$","$(\log x)^2 + C$","A, $\log(\log x) + C$","Let $t = \log x$, then $dt = \frac{dx}{x}$. So $\int \frac{dt}{t} = \log t + C = \log(\log x) + C$.",
XII,Application of Integrals,MCQ,Area Under Curve,easy,1,"The area bounded by $y = x^2$, the x-axis, $x = 0$ and $x = 2$ is:","$\frac{8}{3}$ sq units","$\frac{4}{3}$ sq units","$4$ sq units","$2$ sq units","A, $\frac{8}{3}$ sq units","Area $= \int_0^2 x^2 dx = \left[\frac{x^3}{3}\right]_0^2 = \frac{8}{3}$.",
XII,Application of Integrals,MCQ,Area Between Curves,medium,1,"The area between $y = x$ and $y = x^2$ from $x = 0$ to $x = 1$ is:","$\frac{1}{6}$ sq units","$\frac{1}{3}$ sq units","$\frac{1}{2}$ sq units","$1$ sq unit","A, $\frac{1}{6}$ sq units","Area $= \int_0^1 (x - x^2) dx = \left[\frac{x^2}{2} - \frac{x^3}{3}\right]_0^1 = \frac{1}{2} - \frac{1}{3} = \frac{1}{6}$.",
XII,Application of Integrals,MCQ,Area of Circle,medium,1,"The area of a circle with radius $a$ using integration is:","$2\pi a$","$\pi a^2$","$4\pi a^2$","$\frac{\pi a^2}{2}$","B, $\pi a^2$","Area $= 4\int_0^a \sqrt{a^2 - x^2} dx = 4 \cdot \frac{\pi a^2}{4} = \pi a^2$.",
XII,Application of Integrals,MCQ,Area Under Parabola,easy,1,"The area bounded by $y = 4x - x^2$ and the x-axis is:","$\frac{32}{3}$ sq units","$\frac{16}{3}$ sq units","$8$ sq units","$\frac{64}{3}$ sq units","A, $\frac{32}{3}$ sq units","Roots: $x(4-x) = 0 \implies x = 0, 4$. Area $= \int_0^4 (4x - x^2) dx = \left[2x^2 - \frac{x^3}{3}\right]_0^4 = 32 - \frac{64}{3} = \frac{32}{3}$.",
XII,Application of Integrals,MCQ,Area of Ellipse,hard,1,"The area of the ellipse $\frac{x^2}{a^2} + \frac{y^2}{b^2} = 1$ is:","$\pi ab$","$2\pi ab$","$\frac{\pi ab}{2}$","$4\pi ab$","A, $\pi ab$","Area $= 4 \times \frac{b}{a}\int_0^a \sqrt{a^2-x^2} dx = 4 \times \frac{b}{a} \times \frac{\pi a^2}{4} = \pi ab$.",
XII,Application of Integrals,MCQ,Area in First Quadrant,medium,1,"The area in the first quadrant bounded by $y = \sqrt{x}$, $x = 4$, and the x-axis is:","$\frac{16}{3}$ sq units","$\frac{8}{3}$ sq units","$4$ sq units","$8$ sq units","A, $\frac{16}{3}$ sq units","Area $= \int_0^4 \sqrt{x} dx = \left[\frac{2x^{3/2}}{3}\right]_0^4 = \frac{2 \times 8}{3} = \frac{16}{3}$.",
XII,Application of Integrals,MCQ,Area Between Line and Parabola,hard,1,"The area between $y = x^2$ and $y = x$ is:","$\frac{1}{6}$ sq units","$\frac{1}{3}$ sq units","$\frac{1}{2}$ sq units","$1$ sq unit","A, $\frac{1}{6}$ sq units","Intersection: $x^2 = x \implies x = 0, 1$. Area $= \int_0^1 (x - x^2) dx = \frac{1}{2} - \frac{1}{3} = \frac{1}{6}$.",
XII,Application of Integrals,MCQ,Area Under Sine Curve,easy,1,"The area bounded by $y = \sin x$, the x-axis, from $x = 0$ to $x = \pi$ is:",1,2,$\pi$,$2\pi$,"B, 2","Area $= \int_0^\pi \sin x \, dx = [-\cos x]_0^\pi = -(-1) + 1 = 2$.",
XII,Application of Integrals,MCQ,Area Bounded by Modulus,medium,1,"The area bounded by $y = |x|$, $x = -1$, $x = 1$, and the x-axis is:",1,2,$\frac{1}{2}$,$\frac{3}{2}$,"A, 1","Area $= \int_{-1}^0 (-x) dx + \int_0^1 x \, dx = \frac{1}{2} + \frac{1}{2} = 1$.",
XII,Application of Integrals,MCQ,Area of Region,hard,1,"The area of the region $\{(x,y): x^2 + y^2 \leq 1 \leq x + y\}$ is:","$\frac{\pi}{4} - \frac{1}{2}$","$\frac{\pi}{4}$","$\frac{\pi}{2} - 1$","$\frac{\pi - 2}{4}$","D, $\frac{\pi - 2}{4}$","This is the area of the circular segment. Area of quarter circle minus triangle: $\frac{\pi}{4} - \frac{1}{2} = \frac{\pi - 2}{4}$.",
XII,Differential Equations,MCQ,Separable DE,easy,1,"The solution of $\frac{dy}{dx} = \frac{y}{x}$ is:","$y = Cx$","$y = \frac{C}{x}$","$y = x + C$","$xy = C$","A, $y = Cx$","$\frac{dy}{y} = \frac{dx}{x}$. Integrating: $\log y = \log x + \log C \implies y = Cx$.",
XII,Differential Equations,MCQ,Homogeneous DE,medium,1,"The differential equation $\frac{dy}{dx} = \frac{x + y}{x}$ is:","Homogeneous","Linear","Separable","Exact","A, Homogeneous","Can be written as $\frac{dy}{dx} = 1 + \frac{y}{x} = f\left(\frac{y}{x}\right)$, which is homogeneous.",
XII,Differential Equations,MCQ,Solution Verification,medium,1,"$y = e^{2x}$ is a solution of:","$\frac{dy}{dx} = 2y$","$\frac{dy}{dx} = y$","$\frac{dy}{dx} = -2y$","$\frac{d^2y}{dx^2} = y$","A, $\frac{dy}{dx} = 2y$","If $y = e^{2x}$, then $\frac{dy}{dx} = 2e^{2x} = 2y$.",
XII,Differential Equations,MCQ,Linear First Order,hard,1,"The solution of $\frac{dy}{dx} + y = e^{-x}$ is:","$y = (x+C)e^{-x}$","$y = xe^{-x} + Ce^x$","$y = Ce^{-x}$","$y = e^{-x} + C$","A, $y = (x+C)e^{-x}$","IF $= e^x$. Solution: $ye^x = \int e^x \cdot e^{-x} dx = x + C$. So $y = (x+C)e^{-x}$.",
XII,Differential Equations,MCQ,DE from Family,medium,1,"The DE representing $y = ae^x + be^{-x}$ (a, b arbitrary constants) is:","$\frac{d^2y}{dx^2} = y$","$\frac{d^2y}{dx^2} = -y$","$\frac{dy}{dx} = y$","$\frac{d^2y}{dx^2} + y = 0$","A, $\frac{d^2y}{dx^2} = y$","$y' = ae^x - be^{-x}$, $y'' = ae^x + be^{-x} = y$.",
XII,Differential Equations,MCQ,Degree of DE,easy,1,"The degree of $\left(\frac{dy}{dx}\right)^3 + y^2 = 0$ is:",1,2,3,"Not defined","C, 3","The highest power of the highest order derivative $\frac{dy}{dx}$ is 3.",
XII,Differential Equations,MCQ,General Solution,medium,1,"The general solution of $\frac{dy}{dx} = e^{x+y}$ is:","$e^{-y} + e^x = C$","$e^y + e^{-x} = C$","$e^y - e^x = C$","$e^{-y} = e^x + C$","A, $e^{-y} + e^x = C$","$\frac{dy}{dx} = e^x \cdot e^y$. Separating: $e^{-y}dy = e^x dx$. Integrating: $-e^{-y} = e^x + C'$, so $e^{-y} + e^x = C$.",
XII,Differential Equations,MCQ,Variable Separable,easy,1,"$\frac{dy}{dx} = \frac{1+y^2}{1+x^2}$ has solution:","$\tan^{-1}y = \tan^{-1}x + C$","$y = x + C$","$y^2 = x^2 + C$","$\tan^{-1}y - \tan^{-1}x = C$","A, $\tan^{-1}y = \tan^{-1}x + C$","$\frac{dy}{1+y^2} = \frac{dx}{1+x^2}$. Integrating: $\tan^{-1}y = \tan^{-1}x + C$.",
XII,Vector Algebra,MCQ,Section Formula,medium,1,"The position vector of a point dividing the line joining $\vec{a}$ and $\vec{b}$ in ratio $2:1$ internally is:","$\frac{\vec{a} + 2\vec{b}}{3}$","$\frac{2\vec{a} + \vec{b}}{3}$","$\frac{\vec{a} + \vec{b}}{2}$","$2\vec{a} + \vec{b}$","A, $\frac{\vec{a} + 2\vec{b}}{3}$","Using section formula: $\frac{m\vec{b} + n\vec{a}}{m+n} = \frac{2\vec{b} + 1\cdot\vec{a}}{3}$.",
XII,Vector Algebra,MCQ,Projection,hard,1,"The projection of $\vec{a} = 2\hat{i} + 3\hat{j} + 2\hat{k}$ on $\vec{b} = \hat{i} + 2\hat{j} + \hat{k}$ is:","$\frac{10}{\sqrt{6}}$","$\frac{10}{6}$","$\sqrt{6}$","$\frac{10}{\sqrt{17}}$","A, $\frac{10}{\sqrt{6}}$","Projection $= \frac{\vec{a} \cdot \vec{b}}{|\vec{b}|} = \frac{2+6+2}{\sqrt{1+4+1}} = \frac{10}{\sqrt{6}}$.",
XII,Vector Algebra,MCQ,Area of Triangle,hard,1,"Area of triangle with vertices $A(1,1,2)$, $B(2,3,5)$, $C(1,5,5)$ using vectors is:","$\frac{1}{2}|\vec{AB} \times \vec{AC}|$","$|\vec{AB} \times \vec{AC}|$","$|\vec{AB} \cdot \vec{AC}|$","$\frac{1}{2}|\vec{AB} \cdot \vec{AC}|$","A, $\frac{1}{2}|\vec{AB} \times \vec{AC}|$","Area of triangle $= \frac{1}{2}|$cross product of two sides$|$.",
XII,Vector Algebra,MCQ,Distributive Property,easy,1,"$\vec{a} \times (\vec{b} + \vec{c})$ equals:","$\vec{a} \times \vec{b} + \vec{a} \times \vec{c}$","$\vec{a} \times \vec{b} - \vec{a} \times \vec{c}$","$(\vec{a} \times \vec{b}) \cdot \vec{c}$","$\vec{a} \cdot (\vec{b} \times \vec{c})$","A, $\vec{a} \times \vec{b} + \vec{a} \times \vec{c}$","Cross product is distributive over addition.",
XII,Vector Algebra,MCQ,Magnitude of Cross Product,medium,1,"If $|\vec{a}| = 3$, $|\vec{b}| = 4$ and angle between them is $30Â°$, then $|\vec{a} \times \vec{b}|$ equals:",6,12,"$6\sqrt{3}$","$12\sqrt{3}$","A, 6","$|\vec{a} \times \vec{b}| = |\vec{a}||\vec{b}|\sin\theta = 3 \times 4 \times \sin 30Â° = 12 \times \frac{1}{2} = 6$.",
XII,Vector Algebra,MCQ,Zero Cross Product,easy,1,"If $\vec{a} \times \vec{b} = \vec{0}$, then:","$\vec{a} \perp \vec{b}$","$\vec{a} \parallel \vec{b}$","$|\vec{a}| = |\vec{b}|$","$\vec{a} = \vec{b}$","B, $\vec{a} \parallel \vec{b}$","Cross product is zero when vectors are parallel (or one is zero vector).",
XII,Vector Algebra,MCQ,ABCD Parallelogram,medium,1,"In parallelogram ABCD, $\vec{AB} + \vec{AD}$ equals:","$\vec{AC}$","$\vec{BD}$","$2\vec{AC}$","$\vec{BC}$","A, $\vec{AC}$","By parallelogram law of vector addition, diagonal $\vec{AC} = \vec{AB} + \vec{AD}$.",
XII,Vector Algebra,MCQ,Dot Product Components,easy,1,"$(2\hat{i} + 3\hat{j}) \cdot (3\hat{i} - 2\hat{j})$ equals:",0,6,12,"$-6$","A, 0","$= 2(3) + 3(-2) = 6 - 6 = 0$. The vectors are perpendicular.",
XII,Three Dimensional Geometry,MCQ,Direction Cosines,easy,1,"If a line makes angles $90Â°$, $135Â°$, $45Â°$ with the x, y, z axes respectively, then its direction cosines are:","$0, -\frac{1}{\sqrt{2}}, \frac{1}{\sqrt{2}}$","$0, \frac{1}{\sqrt{2}}, \frac{1}{\sqrt{2}}$","$1, -\frac{1}{\sqrt{2}}, \frac{1}{\sqrt{2}}$","$0, -\frac{1}{\sqrt{2}}, -\frac{1}{\sqrt{2}}$","A, $0, -\frac{1}{\sqrt{2}}, \frac{1}{\sqrt{2}}$","$l = \cos 90Â° = 0$, $m = \cos 135Â° = -\frac{1}{\sqrt{2}}$, $n = \cos 45Â° = \frac{1}{\sqrt{2}}$.",
XII,Three Dimensional Geometry,MCQ,Direction Ratios,easy,1,"The direction ratios of a line joining $(1, 2, 3)$ and $(4, 5, 6)$ are:","$3, 3, 3$","$1, 1, 1$","$5, 7, 9$","$-3, -3, -3$","A, $3, 3, 3$","DRs: $(4-1, 5-2, 6-3) = (3, 3, 3)$ or equivalently $(1, 1, 1)$.",
XII,Three Dimensional Geometry,MCQ,Equation of Line,medium,1,"The equation of line through $(1, 2, 3)$ with direction ratios $2, 3, 4$ is:","$\frac{x-1}{2} = \frac{y-2}{3} = \frac{z-3}{4}$","$\frac{x+1}{2} = \frac{y+2}{3} = \frac{z+3}{4}$","$\frac{x-1}{1} = \frac{y-2}{2} = \frac{z-3}{3}$","$\frac{x}{2} = \frac{y}{3} = \frac{z}{4}$","A, $\frac{x-1}{2} = \frac{y-2}{3} = \frac{z-3}{4}$","Cartesian form: $\frac{x-x_1}{a} = \frac{y-y_1}{b} = \frac{z-z_1}{c}$ where $(a,b,c)$ are DRs.",
XII,Three Dimensional Geometry,MCQ,Angle Between Lines,medium,1,"The angle between lines with direction cosines $l_1, m_1, n_1$ and $l_2, m_2, n_2$ is given by:","$\cos\theta = l_1l_2 + m_1m_2 + n_1n_2$","$\cos\theta = l_1l_2 - m_1m_2 - n_1n_2$","$\sin\theta = l_1l_2 + m_1m_2 + n_1n_2$","$\tan\theta = l_1l_2 + m_1m_2 + n_1n_2$","A, $\cos\theta = l_1l_2 + m_1m_2 + n_1n_2$","The angle between two lines is found using dot product of direction cosines.",
XII,Three Dimensional Geometry,MCQ,Parallel Lines,easy,1,"Two lines with direction ratios $a_1, b_1, c_1$ and $a_2, b_2, c_2$ are parallel if:","$\frac{a_1}{a_2} = \frac{b_1}{b_2} = \frac{c_1}{c_2}$","$a_1a_2 + b_1b_2 + c_1c_2 = 0$","$a_1 = a_2$, $b_1 = b_2$","$a_1 + a_2 = 0$","A, $\frac{a_1}{a_2} = \frac{b_1}{b_2} = \frac{c_1}{c_2}$","Lines are parallel when their direction ratios are proportional.",
XII,Three Dimensional Geometry,MCQ,Perpendicular Lines,easy,1,"Two lines with direction ratios $a_1, b_1, c_1$ and $a_2, b_2, c_2$ are perpendicular if:","$\frac{a_1}{a_2} = \frac{b_1}{b_2} = \frac{c_1}{c_2}$","$a_1a_2 + b_1b_2 + c_1c_2 = 0$","$a_1 = a_2$","$a_1a_2 + b_1b_2 + c_1c_2 = 1$","B, $a_1a_2 + b_1b_2 + c_1c_2 = 0$","Lines are perpendicular when the sum of products of direction ratios is zero.",
XII,Three Dimensional Geometry,MCQ,Equation of Plane,medium,1,"The equation of a plane with normal vector $\hat{n} = 2\hat{i} + 3\hat{j} - \hat{k}$ and distance 5 from origin is:","$2x + 3y - z = 5\sqrt{14}$","$2x + 3y - z = 5$","$2x + 3y - z = \sqrt{14}$","$\frac{2x + 3y - z}{\sqrt{14}} = 5$","A, $2x + 3y - z = 5\sqrt{14}$","Normal form: $\vec{r} \cdot \hat{n} = d$. Here $|\hat{n}| = \sqrt{14}$, so plane equation is $2x + 3y - z = 5\sqrt{14}$.",
XII,Three Dimensional Geometry,MCQ,Plane Through Point,medium,1,"The equation of plane through $(1, 1, 1)$ perpendicular to $x + 2y + 3z = 5$ is:","$x + 2y + 3z = 6$","$x + 2y + 3z = 5$","$x + 2y + 3z = 0$","$x - 2y - 3z = 0$","A, $x + 2y + 3z = 6$","Parallel planes have same normal. Plane: $x + 2y + 3z = d$. At $(1,1,1)$: $1+2+3 = 6$.",
XII,Three Dimensional Geometry,MCQ,Distance Point to Plane,hard,1,"The distance from point $(1, 2, 3)$ to the plane $x + 2y - 2z + 9 = 0$ is:","$\frac{4}{3}$","$\frac{8}{3}$","$4$","$\frac{2}{3}$","B, $\frac{8}{3}$","Distance $= \frac{|1 + 4 - 6 + 9|}{\sqrt{1 + 4 + 4}} = \frac{8}{3}$.",
XII,Three Dimensional Geometry,MCQ,Angle Between Planes,hard,1,"The angle between planes $x + y + z = 1$ and $2x - y + z = 2$ is:","$\cos^{-1}\frac{2}{3\sqrt{2}}$","$\cos^{-1}\frac{1}{\sqrt{3}}$","$60Â°$","$\cos^{-1}\frac{2}{\sqrt{18}}$","D, $\cos^{-1}\frac{2}{\sqrt{18}}$","$\cos\theta = \frac{|\vec{n_1} \cdot \vec{n_2}|}{|\vec{n_1}||\vec{n_2}|} = \frac{|2-1+1|}{\sqrt{3}\sqrt{6}} = \frac{2}{\sqrt{18}}$.",
XII,Three Dimensional Geometry,MCQ,Line and Plane Parallel,medium,1,"A line is parallel to a plane if the angle between them is:",0,$90Â°$,$45Â°$,$180Â°$,"A, 0","When a line is parallel to a plane, it makes $0Â°$ angle with the plane.",
XII,Three Dimensional Geometry,MCQ,Intercept Form,easy,1,"The equation of plane with intercepts $a$, $b$, $c$ on axes is:","$\frac{x}{a} + \frac{y}{b} + \frac{z}{c} = 1$","$ax + by + cz = 1$","$\frac{x}{a} + \frac{y}{b} + \frac{z}{c} = 0$","$x + y + z = abc$","A, $\frac{x}{a} + \frac{y}{b} + \frac{z}{c} = 1$","This is the intercept form of plane equation.",
XII,Three Dimensional Geometry,MCQ,Shortest Distance,hard,1,"The shortest distance between skew lines is measured:","Along the common perpendicular","Along any line joining them","Along the x-axis","Along the direction of one line","A, Along the common perpendicular","The shortest distance between skew lines is the length of their common perpendicular.",
XII,Three Dimensional Geometry,MCQ,Vector Form of Line,medium,1,"The vector equation of line through $\vec{a}$ parallel to $\vec{b}$ is:","$\vec{r} = \vec{a} + \lambda\vec{b}$","$\vec{r} = \vec{a} - \lambda\vec{b}$","$\vec{r} = \lambda\vec{a} + \vec{b}$","$\vec{r} \cdot \vec{b} = |\vec{a}|$","A, $\vec{r} = \vec{a} + \lambda\vec{b}$","Vector form: position vector = point + parameter Ã direction.",
XII,Three Dimensional Geometry,MCQ,Coplanar Lines,hard,1,"Two lines $\vec{r} = \vec{a_1} + \lambda\vec{b_1}$ and $\vec{r} = \vec{a_2} + \mu\vec{b_2}$ are coplanar if:","$[\vec{a_2} - \vec{a_1} \, \vec{b_1} \, \vec{b_2}] = 0$","$\vec{b_1} \times \vec{b_2} = \vec{0}$","$\vec{a_1} = \vec{a_2}$","$\vec{b_1} \cdot \vec{b_2} = 0$","A, $[\vec{a_2} - \vec{a_1} \, \vec{b_1} \, \vec{b_2}] = 0$","Lines are coplanar when scalar triple product of connecting vector and directions is zero.",
XII,Three Dimensional Geometry,MCQ,Foot of Perpendicular,hard,1,"The foot of perpendicular from origin to plane $2x + 3y + 6z = 49$ is:","$(2, 3, 6)$","$(4, 6, 12)$","$(14, 21, 42)$","$(\frac{2}{7}, \frac{3}{7}, \frac{6}{7})$","A, $(2, 3, 6)$","Foot $= \frac{d}{|\vec{n}|^2}\vec{n} = \frac{49}{49}(2, 3, 6) = (2, 3, 6)$.",
XII,Three Dimensional Geometry,MCQ,Image of Point,hard,1,"The image of point $(1, 2, 3)$ in the plane $x + y + z = 6$ is:","$(1, 2, 3)$","$(2, 3, 4)$","$(3, 4, 5)$","$(0, 1, 2)$","A, $(1, 2, 3)$","Point $(1,2,3)$ satisfies $x+y+z=6$, so it lies on the plane. Image is the point itself.",
XII,Three Dimensional Geometry,MCQ,Plane Through Three Points,medium,1,"The equation of plane through $(1,0,0)$, $(0,1,0)$, $(0,0,1)$ is:","$x + y + z = 1$","$x + y + z = 0$","$x - y - z = 1$","$x + y + z = 3$","A, $x + y + z = 1$","The plane passes through the three axial intercept points, giving intercept form $\frac{x}{1}+\frac{y}{1}+\frac{z}{1}=1$.",
XII,Linear Programming,MCQ,Feasible Region,easy,1,"The feasible region of a linear programming problem is:","The set of all points satisfying all constraints","The optimal solution","The objective function","The set of all variables","A, The set of all points satisfying all constraints","Feasible region is the intersection of all constraint half-planes.",
XII,Linear Programming,MCQ,Optimal Solution Location,easy,1,"In a linear programming problem, the optimal solution occurs at:","A corner point of the feasible region","The center of the feasible region","Any point in the feasible region","Outside the feasible region","A, A corner point of the feasible region","By the corner point theorem, optimal value is always at a vertex.",
XII,Linear Programming,MCQ,Bounded Region,easy,1,"A feasible region that can be enclosed in a circle is called:","Bounded","Unbounded","Infeasible","Optimal","A, Bounded","A bounded feasible region is finite and enclosed.",
XII,Linear Programming,MCQ,Objective Function,easy,1,"In linear programming, the function to be optimized is called:","Objective function","Constraint function","Decision function","Optimal function","A, Objective function","The function $Z = ax + by$ being maximized or minimized is the objective function.",
XII,Linear Programming,MCQ,Corner Point Method,medium,1,"If the corner points of feasible region are $(0,0)$, $(4,0)$, $(2,3)$, $(0,4)$, and $Z = 2x + 3y$, then maximum of $Z$ is:",8,11,12,17,"C, 12","$Z(0,0)=0$, $Z(4,0)=8$, $Z(2,3)=13$, $Z(0,4)=12$. Wait, $Z(2,3)=4+9=13$, so max is 13. Let me recalculate: $Z(2,3) = 2(2) + 3(3) = 4 + 9 = 13$.",
XII,Linear Programming,MCQ,Minimum Value,medium,1,"The minimum value of $Z = 3x + 4y$ subject to $x + y \geq 7$, $x \geq 0$, $y \geq 0$ is:",21,28,0,7,"A, 21","Corner points: $(7,0)$ and $(0,7)$. $Z(7,0) = 21$, $Z(0,7) = 28$. Minimum is 21.",
XII,Linear Programming,MCQ,Graphical Method,easy,1,"The graphical method of solving LPP is suitable for problems with:","Two variables","Three variables","Any number of variables","One variable","A, Two variables","Graphical method works effectively for 2-variable problems.",
XII,Linear Programming,MCQ,Infeasible Problem,medium,1,"A linear programming problem is infeasible when:","The feasible region is empty","The feasible region is unbounded","Multiple optimal solutions exist","The objective function is constant","A, The feasible region is empty","When constraints contradict each other, no feasible region exists.",
XII,Linear Programming,MCQ,Multiple Solutions,medium,1,"Multiple optimal solutions occur in LPP when:","Objective function is parallel to a binding constraint","Feasible region is unbounded","No feasible region exists","Only one corner point exists","A, Objective function is parallel to a binding constraint","When $Z$ is parallel to an edge, all points on that edge are optimal.",
XII,Linear Programming,MCQ,Unbounded Solution,medium,1,"If the feasible region is unbounded and the objective function can increase indefinitely, then:","No optimal solution exists","Maximum is unbounded","Minimum is zero","Solution is infeasible","B, Maximum is unbounded","For maximization with unbounded region in favorable direction, no finite maximum exists.",
XII,Linear Programming,MCQ,Constraint Type,easy,1,"The constraint $x + y \leq 10$ represents:","A half-plane","A line","A point","A parabola","A, A half-plane","Linear inequality represents a half-plane including boundary.",
XII,Linear Programming,MCQ,Non-negativity Constraint,easy,1,"The constraints $x \geq 0$, $y \geq 0$ restrict the feasible region to:","First quadrant","All quadrants","Third quadrant","Origin only","A, First quadrant","Non-negativity constraints limit solution to first quadrant.",
XII,Linear Programming,MCQ,Decision Variables,easy,1,"In LPP, the quantities to be determined are called:","Decision variables","Parameters","Constants","Constraints","A, Decision variables","Variables $x$ and $y$ whose values we seek are decision variables.",
XII,Linear Programming,MCQ,Isoprofit Line,medium,1,"Lines representing constant values of objective function are called:","Iso-profit lines","Constraint lines","Boundary lines","Optimal lines","A, Iso-profit lines","Lines $Z = c$ for different values of $c$ are iso-profit (or iso-cost) lines.",
XII,Linear Programming,MCQ,Optimal at Origin,medium,1,"For $Z = 5x + 7y$ with constraints $x \geq 0$, $y \geq 0$, $x + y \leq 4$, $x \leq 2$, $y \leq 3$, minimum value is:",0,5,7,28,"A, 0","Minimum occurs at origin $(0,0)$ where $Z = 0$.",
XII,Linear Programming,MCQ,Manufacturing Problem,hard,1,"A factory makes products A and B. Each A requires 2 hours on M1 and 1 hour on M2. Each B requires 1 hour on M1 and 2 hours on M2. M1 available: 100 hours, M2 available: 80 hours. Constraint for M1 is:","$2x + y \leq 100$","$x + 2y \leq 100$","$2x + y \leq 80$","$x + y \leq 100$","A, $2x + y \leq 100$","If $x$ = units of A, $y$ = units of B, M1 constraint: $2x + y \leq 100$.",
XII,Linear Programming,MCQ,Diet Problem Type,medium,1,"A diet problem in LPP typically involves:","Minimizing cost subject to nutrition requirements","Maximizing calories","Finding maximum vitamins","Minimizing food quantity only","A, Minimizing cost subject to nutrition requirements","Diet problems minimize cost while meeting minimum nutrition constraints.",
XII,Linear Programming,MCQ,Transportation Problem,medium,1,"A transportation problem involves:","Minimizing shipping cost from sources to destinations","Maximizing distance","Finding shortest path","Minimizing vehicle count","A, Minimizing shipping cost from sources to destinations","Transportation problems optimize distribution costs.",
XII,Linear Programming,MCQ,Slack Variable,hard,1,"Converting $x + y \leq 10$ to equality form requires adding:","Slack variable","Surplus variable","Artificial variable","No variable","A, Slack variable","$\leq$ inequalities need slack variables: $x + y + s = 10$, $s \geq 0$.",
XII,Probability,MCQ,Conditional Probability,easy,1,"If $P(A) = 0.4$, $P(B) = 0.5$, and $P(A \cap B) = 0.2$, then $P(A|B)$ is:",0.4,0.5,0.2,0.8,"A, 0.4","$P(A|B) = \frac{P(A \cap B)}{P(B)} = \frac{0.2}{0.5} = 0.4$.",
XII,Probability,MCQ,Multiplication Theorem,easy,1,"$P(A \cap B) = P(A) \cdot P(B|A)$ is called:","Multiplication theorem","Addition theorem","Bayes' theorem","Total probability","A, Multiplication theorem","This is the multiplication rule for probability.",
XII,Probability,MCQ,Independent Events,easy,1,"Events A and B are independent if:","$P(A \cap B) = P(A) \cdot P(B)$","$P(A \cup B) = P(A) + P(B)$","$P(A|B) = P(B|A)$","$P(A) = P(B)$","A, $P(A \cap B) = P(A) \cdot P(B)$","Independence means joint probability equals product of individual probabilities.",
XII,Probability,MCQ,Bayes Theorem,medium,1,"If $P(E_1) = 0.3$, $P(E_2) = 0.7$, $P(A|E_1) = 0.5$, $P(A|E_2) = 0.4$, then $P(E_1|A)$ is:","$\frac{15}{43}$","$\frac{28}{43}$","$\frac{0.15}{0.43}$","$\frac{3}{7}$","A, $\frac{15}{43}$","$P(A) = 0.3(0.5) + 0.7(0.4) = 0.43$. $P(E_1|A) = \frac{0.15}{0.43} = \frac{15}{43}$.",
XII,Probability,MCQ,Total Probability,medium,1,"If sample space is partitioned into $E_1, E_2$, then $P(A) =$:","$P(E_1)P(A|E_1) + P(E_2)P(A|E_2)$","$P(E_1) + P(E_2)$","$P(A|E_1) + P(A|E_2)$","$P(E_1 \cap A) - P(E_2 \cap A)$","A, $P(E_1)P(A|E_1) + P(E_2)P(A|E_2)$","Law of total probability sums over partition.",
XII,Probability,MCQ,Mutually Exclusive,easy,1,"For mutually exclusive events, $P(A \cap B)$ equals:",1,0,"$P(A) + P(B)$","$P(A) \cdot P(B)$","B, 0","Mutually exclusive events cannot occur together.",
XII,Probability,MCQ,Random Variable,easy,1,"A random variable is a function from:","Sample space to real numbers","Real numbers to sample space","Events to events","Probability to events","A, Sample space to real numbers","Random variable assigns real number to each outcome.",
XII,Probability,MCQ,Probability Distribution,easy,1,"For a probability distribution, sum of all probabilities equals:",0,1,"Less than 1","Greater than 1","B, 1","$\sum P(X = x_i) = 1$ for any probability distribution.",
XII,Probability,MCQ,Mean of Random Variable,medium,1,"If $X$ takes values $1, 2, 3$ with probabilities $0.3, 0.5, 0.2$, then $E(X)$ is:",1.9,2,1.8,2.1,"A, 1.9","$E(X) = 1(0.3) + 2(0.5) + 3(0.2) = 0.3 + 1 + 0.6 = 1.9$.",
XII,Probability,MCQ,Variance Formula,medium,1,"Variance of random variable X equals:","$E(X^2) - [E(X)]^2$","$E(X^2) + [E(X)]^2$","$[E(X)]^2$","$E(X^2)$","A, $E(X^2) - [E(X)]^2$","Var$(X) = E(X^2) - \mu^2$ where $\mu = E(X)$.",
XII,Probability,MCQ,Bernoulli Trial,easy,1,"A trial with exactly two outcomes is called:","Bernoulli trial","Random trial","Conditional trial","Independent trial","A, Bernoulli trial","Bernoulli trials have two outcomes: success or failure.",
XII,Probability,MCQ,Binomial Distribution,medium,1,"In binomial distribution $B(n, p)$, mean equals:","$np$","$npq$","$\sqrt{npq}$","$\frac{n}{p}$","A, $np$","Mean of binomial distribution is $np$.",
XII,Probability,MCQ,Binomial Probability,hard,1,"If $X \sim B(6, \frac{1}{2})$, then $P(X = 3)$ is:","$\frac{5}{16}$","$\frac{3}{8}$","$\frac{1}{8}$","$\frac{20}{64}$","A, $\frac{5}{16}$","$P(X=3) = \binom{6}{3}\left(\frac{1}{2}\right)^6 = 20 \times \frac{1}{64} = \frac{20}{64} = \frac{5}{16}$.",
XII,Probability,MCQ,Binomial Variance,medium,1,"The variance of binomial distribution $B(n, p)$ is:","$np(1-p)$","$np$","$n(1-p)$","$\frac{np}{1-p}$","A, $np(1-p)$","Variance $= npq$ where $q = 1-p$.",
XII,Probability,MCQ,P(A union B),easy,1,"$P(A \cup B) = P(A) + P(B) - P(A \cap B)$ is called:","Addition theorem","Multiplication theorem","Bayes' theorem","De Morgan's law","A, Addition theorem","This is the addition rule for probability.",
XII,Probability,MCQ,Complement Rule,easy,1,"$P(A') =$:","$1 - P(A)$","$P(A)$","$1 + P(A)$","$\frac{1}{P(A)}$","A, $1 - P(A)$","Probability of complement is 1 minus probability of event.",
XII,Probability,MCQ,Conditional Independence,hard,1,"If $P(A|B) = P(A)$, then A and B are:","Independent","Dependent","Mutually exclusive","Equal","A, Independent","If conditional probability equals unconditional, events are independent.",
XII,Probability,MCQ,Expected Value Property,medium,1,"$E(aX + b) =$:","$aE(X) + b$","$aE(X)$","$E(X) + b$","$a^2E(X) + b$","A, $aE(X) + b$","Expectation is linear: $E(aX + b) = aE(X) + b$.",
XII,Probability,MCQ,Variance Property,hard,1,"$Var(aX + b) =$:","$a^2 Var(X)$","$a Var(X)$","$a^2 Var(X) + b$","$Var(X) + b$","A, $a^2 Var(X)$","Variance: $Var(aX + b) = a^2 Var(X)$. Constants don't affect variance.",
XII,Differential Equations,MCQ,Bernoulli Equation,hard,1,"The substitution $v = y^{1-n}$ is used for which type of differential equation?","Bernoulli equation","Homogeneous equation","Linear equation","Exact equation","A, Bernoulli equation","For Bernoulli DE $\frac{dy}{dx} + P(x)y = Q(x)y^n$, substitute $v = y^{1-n}$ to convert to linear form.",
XII,Linear Programming,MCQ,Surplus Variable,hard,1,"Converting $x + y \geq 10$ to equality form requires adding:","Slack variable","Surplus variable","Artificial variable","No variable","B, Surplus variable","$\geq$ inequalities need surplus variables: $x + y - s = 10$, $s \geq 0$.",
XII,Probability,MCQ,Standard Deviation,medium,1,"If $Var(X) = 16$, then $SD(X)$ equals:",4,16,256,2,"A, 4","Standard deviation $= \sqrt{Var(X)} = \sqrt{16} = 4$.",
XII,Three Dimensional Geometry,MCQ,Line Perpendicular to Plane,medium,1,"A line with DRs $a, b, c$ is perpendicular to plane $px + qy + rz = d$ if:","$\frac{a}{p} = \frac{b}{q} = \frac{c}{r}$","$ap + bq + cr = 0$","$a = p, b = q, c = r$","$\frac{a}{p} + \frac{b}{q} + \frac{c}{r} = 1$","A, $\frac{a}{p} = \frac{b}{q} = \frac{c}{r}$","Line perpendicular to plane has DRs proportional to normal of plane.",
XII,Three Dimensional Geometry,MCQ,Distance Between Planes,medium,1,"The distance between parallel planes $2x + 2y - z = 3$ and $4x + 4y - 2z = 9$ is:","$\frac{1}{6}$","$\frac{3}{6}$","$\frac{1}{2}$","$3$","A, $\frac{1}{6}$","Rewrite: $2x+2y-z=3$ and $2x+2y-z=4.5$. Distance $= \frac{|4.5-3|}{\sqrt{4+4+1}} = \frac{1.5}{3} = \frac{1}{2}$. Actually $\frac{|3-4.5|}{3} = 0.5$.",
XII,Vector Algebra,MCQ,Work Done,medium,1,"If $\vec{F} = 5\hat{i} + 2\hat{j} - 3\hat{k}$ and displacement $\vec{d} = 2\hat{i} - \hat{j} + \hat{k}$, work done is:",5,8,11,3,"A, 5","Work $= \vec{F} \cdot \vec{d} = 10 - 2 - 3 = 5$ units.",
XII,Vector Algebra,MCQ,Resultant Vector,easy,1,"If $\vec{a} = \hat{i} + \hat{j}$ and $\vec{b} = \hat{i} - \hat{j}$, then $|\vec{a} + \vec{b}|$ equals:",2,$\sqrt{2}$,0,$2\sqrt{2}$,"A, 2","$\vec{a} + \vec{b} = 2\hat{i}$. So $|\vec{a} + \vec{b}| = 2$."
